﻿<?xml version="1.0" encoding="UTF-8"?>
<ConfigDumpInfo xmlns="http://v8.1c.ru/8.3/xcf/dumpinfo" xmlns:xen="http://v8.1c.ru/8.3/xcf/enums" xmlns:xs="http://www.w3.org/2001/XMLSchema" xmlns:xsi="http://www.w3.org/2001/XMLSchema-instance" format="Hierarchical" version="2.18">
	<ConfigVersions>
		<Metadata name="Catalog.БизнесРегионы" id="58261aea-605b-43a3-9fc1-ec3aa31dd9f5" configVersion="1a93ef64dc896243e10d174f329ee56acd89d748"/>
		<Metadata name="Catalog.Валюты" id="ed71350a-3558-488a-856d-d6f3c54baa10" configVersion="0ba18dec4f7d1a7a1c56cf16e0c7505cf7051ee0"/>
		<Metadata name="Catalog.ВидыЦен" id="b5882e7d-470e-4f75-86fa-68c92177bb57" configVersion="de1eccc244074a9457eb51c1f741b1060ec264f3"/>
		<Metadata name="Catalog.ГрафикиОплаты" id="20e560d5-b6a4-4607-9d75-cdf87685e47a" configVersion="e405a3ad64e1d093db17807472388e6677c114f3"/>
		<Metadata name="Catalog.ГруппыДоступаПартнеров" id="9666473e-98c0-46ac-9821-5da825b2fec4" configVersion="cc61ace7b87c624ce311fa42ce7bfb0793819619"/>
		<Metadata name="Catalog.ЗоныДоставки" id="903c0170-c287-43dd-ba10-a4df261920f6" configVersion="3d0d163b90b585873d92b4e242808cffde518f79"/>
		<Metadata name="Catalog.КонтактныеЛицаПартнеров" id="d4f7104e-7310-493c-9f1d-3ca8aa1180c1" configVersion="cfb6455a47135ef52256964e3e20bd7a57af78d1"/>
		<Metadata name="Catalog.Контрагенты" id="7eec6276-c709-4818-b118-82f52c6843e3" configVersion="5d3a003eab6ec35c617f1be025cee5c9c7dd85df"/>
		<Metadata name="Catalog.Назначения" id="35ccfc3f-42b8-4c09-9855-442b5c8badff" configVersion="92ba15c3a456038b5e7d82b005971834fc9629f9">
			<Metadata name="Catalog.Назначения.Attribute.Заказ" id="5a4d50fb-353d-4c23-8ed3-6dd22ef6b849"/>
		</Metadata>
		<Metadata name="Catalog.Организации" id="37611b9e-232f-4077-b9d9-2e91b9a144a2" configVersion="44a43ad5db7e820ec5b3812cb3d112da80412f5c"/>
		<Metadata name="Catalog.ОтветственныеЛицаОрганизаций" id="cfa332c1-5587-4fde-9081-4f14c07d8ece" configVersion="7fe316436ff98296185a3511adad23bb17249174"/>
		<Metadata name="Catalog.Партнеры" id="d9fa07c2-0bdc-48c1-8ff9-9e68e0bd906b" configVersion="96bc34e5e099edefc69ae9259c6e470b2b12e87b">
			<Metadata name="Catalog.Партнеры.Attribute.ЗонаДоставки" id="00f5cf11-f01a-4da5-91e5-980d4ccf060e"/>
			<Metadata name="Catalog.Партнеры.Attribute.НаименованиеПолное" id="1386e106-0bc6-4baf-a76f-f20064e4e087"/>
			<Metadata name="Catalog.Партнеры.Attribute.Перевозчик" id="16ab5cec-2f18-4ddc-b666-a1bf7f783b92"/>
			<Metadata name="Catalog.Партнеры.Attribute.ОбслуживаетсяТорговымиПредставителями" id="1c708f60-bd46-4b0f-847d-629b95a3368c"/>
			<Metadata name="Catalog.Партнеры.Attribute.ВидЦен" id="20f958d2-17a5-49f4-82d6-be38061b43a9"/>
			<Metadata name="Catalog.Партнеры.Attribute.ТелеграмID" id="2c1cdd65-cad2-4561-8e26-851c973086a2"/>
			<Metadata name="Catalog.Партнеры.Attribute.ВариантОтправкиЭлектронногоЧека" id="2edf6935-d2c4-4287-add1-a77d52d309e7"/>
			<Metadata name="Catalog.Партнеры.Attribute.НазначениеПереработчика" id="45709b1e-fa24-4991-af4f-e64799b4bdef"/>
			<Metadata name="Catalog.Партнеры.Attribute.Пол" id="54b40455-5ee4-433d-bd0d-2e3e4b19db8d"/>
			<Metadata name="Catalog.Партнеры.Attribute.Поставщик" id="5aab759f-76bb-49e4-a0eb-1188b0857580"/>
			<Metadata name="Catalog.Партнеры.Attribute.Клиент" id="6afc0883-5455-4a9c-bb1e-2eeb2eda2142"/>
			<Metadata name="Catalog.Партнеры.Attribute.ОсновнойМенеджер" id="7c7648b3-fa4b-4262-bbfd-1160a8f5de53"/>
			<Metadata name="Catalog.Партнеры.Attribute.Комментарий" id="80bcb598-99f7-4daa-b350-97a5546ef102"/>
			<Metadata name="Catalog.Партнеры.Attribute.ГруппаДоступа" id="81c4dfa7-0c28-4c56-b8fb-bd0f49003b17"/>
			<Metadata name="Catalog.Партнеры.Attribute.ЮрФизЛицо" id="b6ce3e7f-5489-4e62-96d3-d898b302cc3c"/>
			<Metadata name="Catalog.Партнеры.Attribute.ДатаРегистрации" id="b9453806-65a5-4c3a-8c8f-4f467a8c5fab"/>
			<Metadata name="Catalog.Партнеры.Attribute.ПрочиеОтношения" id="bae9db6f-1f73-4d61-98f8-4b76a785ba3a"/>
			<Metadata name="Catalog.Партнеры.Attribute.ИндивидуальныйВидЦены" id="c0eaf108-86fb-42c6-8953-5085ad775073"/>
			<Metadata name="Catalog.Партнеры.Attribute.ДатаРождения" id="cabee923-fb28-4c80-8af1-ede6cc94d30d"/>
			<Metadata name="Catalog.Партнеры.Attribute.ДополнительнаяИнформация" id="d3b1d81c-0154-4b1b-b9c6-75086ebe4d9c"/>
			<Metadata name="Catalog.Партнеры.Attribute.Конкурент" id="ea5b1e9a-4e83-4271-81eb-ee6153eab2ec"/>
			<Metadata name="Catalog.Партнеры.Attribute.ШаблонЭтикетки" id="f0f7f4ab-826d-4730-9b27-f0454aa235f3"/>
		</Metadata>
		<Metadata name="Catalog.Партнеры.Form.ПомощникНового" id="14b6a256-fdca-473e-9c94-a6e1630fddea" configVersion="8920d7628de243411b9da846afa0321fcf00b102"/>
		<Metadata name="Catalog.Партнеры.Form.ПомощникНового.Form" id="14b6a256-fdca-473e-9c94-a6e1630fddea.0" configVersion="0dab6cb08a79692d4d3d6f73e00430541695adae"/>
		<Metadata name="Catalog.Пользователи" id="d84d9e53-ba9b-45b3-a9a6-43052a2c9900" configVersion="1da83011a17e26469f8cb18caa20c7d65055f835"/>
		<Metadata name="Catalog.СделкиСКлиентами" id="0f023c20-fcb2-4c6a-8b12-6b0fb8af6094" configVersion="eb4518d1d65eb57b0c348cad70c006261419232c"/>
		<Metadata name="Catalog.Склады" id="6ca952e4-8da7-45d5-b2af-cc352ecf041b" configVersion="55e0a9fe0676ecb9d79459e324c92916dd71e2ba"/>
		<Metadata name="Catalog.СоглашенияСКлиентами" id="374ffdf1-840b-4778-b9d3-02aa6d8e7a76" configVersion="f2874b8968bba986624c06aff8c9cb84cbb47d04"/>
		<Metadata name="Catalog.ФизическиеЛица" id="03601138-a39e-43f0-b0be-2807702b376b" configVersion="165e9d21a84757d57e20031fe8df860cddbcd1ff"/>
		<Metadata name="Catalog.ШаблоныЭтикетокИЦенников" id="6a906864-ce42-463c-8f89-9365d425f56b" configVersion="b434ffd9218fb120946724a4f2f16aa6e0d5e8e4"/>
		<Metadata name="CommonModule.Увед_ОбщийМодуль1" id="279d773e-04d9-4b81-937c-3598288ad17c" configVersion="1c3361afb871db576c1e98db9fe2750281d939b6"/>
		<Metadata name="CommonModule.Увед_ОбщийМодуль1.Module" id="279d773e-04d9-4b81-937c-3598288ad17c.0" configVersion="dc44d562d538f7416a550e8781456100e8c539a3"/>
		<Metadata name="CommonPicture.Внимание16" id="6de42bea-6662-418a-95e9-01caebbf2520" configVersion="efeea7276e3a2fdaaeae613f3ccf401ccccee221"/>
		<Metadata name="CommonPicture.ЗагрузитьДокументыИзСкановФото" id="5df525c8-ad65-434f-b46f-9fa7bef9415b" configVersion="17d64976f6727c3af51f5b40f4ab703c99b4ff01"/>
		<Metadata name="CommonPicture.ЗаполнитьПоШаблону" id="fafb984b-d0ba-4df1-9019-c50bde30b465" configVersion="5248acc93a35d2b4525fe753264735c89b08b7a3"/>
		<Metadata name="CommonPicture.ЗаполнитьФорму" id="579dd5a0-2bed-427c-a1d8-48c276ceb794" configVersion="19f64a5ba0496217606c36981261e057c2e27fe9"/>
		<Metadata name="CommonPicture.Набор" id="a850891a-49d1-4178-8f34-8ecd8cf2fa18" configVersion="99c8840faf54f6e33855244c80f99870732a9f0d"/>
		<Metadata name="CommonPicture.Наборы" id="c5787e07-dd55-4846-8832-f41ee41649d2" configVersion="bb6900707faebc296f489f294913be2b70bda077"/>
		<Metadata name="CommonPicture.НастройкаПродажи" id="193253d2-a094-4347-beb3-b7de1a011db2" configVersion="d6debe6ad20cf1a9157f033d44eb39c28a091542"/>
		<Metadata name="CommonPicture.Отчеты" id="75fda165-4500-43a4-9067-8d17316b7b98" configVersion="c70074a1e9ac2b5d52293d797ba1a7bd8637e8be"/>
		<Metadata name="CommonPicture.Приоритеты" id="e2350d6e-ed22-490e-99a0-920a3743659d" configVersion="3b968359f862eb78630a5882985fd92e7c9e8a34"/>
		<Metadata name="Configuration.УведомленияТелеграм" id="d3913630-f42f-4996-bfb9-bbe15a791ec1" configVersion="e83ac7ec958ea5116c7a36efd3674261b4f781ac"/>
		<Metadata name="Constant.ИспользоватьРасширенныеВозможностиЗаказаКлиента" id="a731043d-6e0c-42ad-9137-029e350a33fd" configVersion="5f848c74d1a96a962649c3a4d11e31e83f00d92d"/>
		<Metadata name="DataProcessor.Увед_Обработка" id="5a26c38a-8450-472f-a01d-d9cc6ef02e07" configVersion="c50ed02fbeb0ca78a5a5e94a6e79b52ede7bc13d">
			<Metadata name="DataProcessor.Увед_Обработка.TabularSection.КомандыПользователей.Attribute.Команда" id="1492f8d4-bf9a-4096-ad2b-9ccf1004e4ff"/>
			<Metadata name="DataProcessor.Увед_Обработка.TabularSection.КомандыПользователей.Attribute.chat_ID" id="2aab31c8-0edf-4d03-8a33-ece1d6c5987c"/>
			<Metadata name="DataProcessor.Увед_Обработка.TabularSection.КомандыПользователей.Attribute.Выполнено" id="328ace1b-05b6-49db-853a-2788f70cad84"/>
			<Metadata name="DataProcessor.Увед_Обработка.TabularSection.ТаблицаКоманд.Attribute.ВыполняемоеДействие" id="45acc01c-9406-49b9-8d3b-64bb98297a40"/>
			<Metadata name="DataProcessor.Увед_Обработка.TabularSection.ТаблицаКоманд.Attribute.Имя" id="53078f3d-1eab-49a7-95b9-fdd459d67b81"/>
			<Metadata name="DataProcessor.Увед_Обработка.TabularSection.КомандыПользователей.Attribute.date" id="718f4366-2914-4f74-b610-1d674f288865"/>
			<Metadata name="DataProcessor.Увед_Обработка.TabularSection.ТаблицаКоманд.Attribute.Описание" id="809ccd0e-06b9-4e92-9a06-dada3b9dbe1f"/>
			<Metadata name="DataProcessor.Увед_Обработка.TabularSection.КомандыПользователей" id="82d122e4-9a18-4538-b9ff-174407ff9a8c"/>
			<Metadata name="DataProcessor.Увед_Обработка.Attribute.Токен" id="8d9b4ced-ca7e-4be9-8868-1495aae42ee6"/>
			<Metadata name="DataProcessor.Увед_Обработка.Attribute.Сервер" id="8f845898-8086-48f2-8fdb-98e745a90d9e"/>
			<Metadata name="DataProcessor.Увед_Обработка.TabularSection.ТаблицаКоманд" id="9a7bd88a-1431-4557-bc31-344112d28c7a"/>
			<Metadata name="DataProcessor.Увед_Обработка.TabularSection.ТаблицаКоманд.Attribute.Параметр" id="b22e718d-a770-49fe-b6ae-7568f68abaec"/>
			<Metadata name="DataProcessor.Увед_Обработка.Attribute.Бот" id="d46aa311-153d-4f17-996a-d68e5bb4d9df"/>
		</Metadata>
		<Metadata name="DataProcessor.Увед_Обработка.Form.ФормаУпр" id="b18ed6fe-f681-4732-a149-1e2814518d99" configVersion="0530859f6f107389dd402bc7c13ac67fa5edc21a"/>
		<Metadata name="DataProcessor.Увед_Обработка.Form.ФормаУпр.Form" id="b18ed6fe-f681-4732-a149-1e2814518d99.0" configVersion="190f5a9ce1ffc6571e56a5e49e6f35f44b8cde60"/>
		<Metadata name="DefinedType.ДенежнаяСуммаЛюбогоЗнака" id="757ee3fe-81e6-4d50-8d1b-4eb35b9e2f40" configVersion="7041b61a741ac73980eb08686f5a911b1b0a38dc"/>
		<Metadata name="Document.ЗаказКлиента" id="e5063b1c-2483-4619-921a-010dd905e9fb" configVersion="28e449daacdf4a7559b5468144f69ade0cd5e52e">
			<Metadata name="Document.ЗаказКлиента.Attribute.АдресДоставкиЗначение" id="09aae69e-3d33-4902-98cf-e2ccfadcd918"/>
			<Metadata name="Document.ЗаказКлиента.Attribute.Организация" id="0d1351c3-3875-4d6b-a15e-9cc4bbf59bc4"/>
			<Metadata name="Document.ЗаказКлиента.Attribute.ГрафикОплаты" id="0e675a95-f325-4f1b-b5b7-603640d41001"/>
			<Metadata name="Document.ЗаказКлиента.Attribute.ТелеграмID" id="26dde956-309f-4c7d-b9fe-03edb3be8560"/>
			<Metadata name="Document.ЗаказКлиента.Attribute.Грузополучатель" id="2e1fbe36-3da3-4c7d-b563-8309475b39cf"/>
			<Metadata name="Document.ЗаказКлиента.Attribute.Руководитель" id="38f2d95e-186f-4e43-9897-0febbc646568"/>
			<Metadata name="Document.ЗаказКлиента.Attribute.КонтактноеЛицо" id="3a90f4e3-ab0a-4577-83b3-9d77ee6cf0ad"/>
			<Metadata name="Document.ЗаказКлиента.Attribute.НеОтгружатьЧастями" id="45876965-11fd-4a39-8863-3876567fda2f"/>
			<Metadata name="Document.ЗаказКлиента.Attribute.Партнер" id="4dde5e47-6b38-4c7e-a3cc-1d307280c442"/>
			<Metadata name="Document.ЗаказКлиента.Attribute.Сделка" id="5105f912-738e-4b1e-8ded-b412f645ae45"/>
			<Metadata name="Document.ЗаказКлиента.Attribute.Контрагент" id="5375d15f-3f0b-42e5-acff-e751d6755384"/>
			<Metadata name="Document.ЗаказКлиента.Attribute.Соглашение" id="6316c3db-b806-4c33-a6bb-ce960faa119c"/>
			<Metadata name="Document.ЗаказКлиента.Attribute.Согласован" id="6874343b-e387-4753-b873-53324f92c7c9"/>
			<Metadata name="Document.ЗаказКлиента.Attribute.Валюта" id="88dbe442-2785-4fc2-80bc-ca8fa7a0fc47"/>
			<Metadata name="Document.ЗаказКлиента.Attribute.Курьер" id="8dbdae2b-4e26-406d-b76a-bca23f045314"/>
			<Metadata name="Document.ЗаказКлиента.Attribute.Статус" id="97d0e5c4-d39d-4439-870c-02586b9ddac1"/>
			<Metadata name="Document.ЗаказКлиента.Attribute.ДокументОснование" id="980d2ffe-47a0-4fa5-923e-e3f9f51d3fe1"/>
			<Metadata name="Document.ЗаказКлиента.Attribute.ДатаОтгрузки" id="a06ec1f2-5402-4d5b-adcc-da061acccbde"/>
			<Metadata name="Document.ЗаказКлиента.Attribute.ВремяДоставкиПо" id="a2e73ad4-f477-445f-87b2-f86631fb14ec"/>
			<Metadata name="Document.ЗаказКлиента.Attribute.Склад" id="a706a1ed-ab62-4bf2-a24b-2d1e6950ce5e"/>
			<Metadata name="Document.ЗаказКлиента.Attribute.ПеревозчикПартнер" id="b2130d5e-2a8b-4d4e-8601-d982fee5886a"/>
			<Metadata name="Document.ЗаказКлиента.Attribute.ЦенаВключаетНДС" id="bb3ed8a1-e493-48e2-ae18-8e905d5746ff"/>
			<Metadata name="Document.ЗаказКлиента.Attribute.Менеджер" id="bf8eaf49-1f65-473b-940d-e3a239910b46"/>
			<Metadata name="Document.ЗаказКлиента.Attribute.СуммаДокумента" id="c3665c04-3b73-4600-89f9-aaea36f3efe3"/>
			<Metadata name="Document.ЗаказКлиента.Attribute.Комментарий" id="cf07d8a3-7183-482f-834d-3a7d20320b53"/>
			<Metadata name="Document.ЗаказКлиента.Attribute.ВремяДоставкиС" id="dcda3057-c16e-4781-b9bb-d9be5f18c239"/>
			<Metadata name="Document.ЗаказКлиента.Attribute.ДополнительнаяИнформация" id="e85bc9b7-442c-4080-bc11-270111f6b69b"/>
			<Metadata name="Document.ЗаказКлиента.Attribute.АдресДоставки" id="ecb7a3bc-3810-4299-98dd-1d0c6f579c0d"/>
			<Metadata name="Document.ЗаказКлиента.Attribute.Грузоотправитель" id="f18ec465-a132-478c-a188-d8ba0eb2a72e"/>
		</Metadata>
		<Metadata name="Document.ЗаказКлиента.Form.РеквизитыПечати" id="9e0e375f-b1cc-473e-850f-dc26b651178e" configVersion="b67d34084da215978740a5a23f640b345a5ad7a7"/>
		<Metadata name="Document.ЗаказКлиента.Form.РеквизитыПечати.Form" id="9e0e375f-b1cc-473e-850f-dc26b651178e.0" configVersion="9cfe049d099a682aa9fbe7892d11af40184efecc"/>
		<Metadata name="Document.ЗаказКлиента.Form.ФормаВыбора" id="4e855b48-f320-4125-9e56-1e485d64b14d" configVersion="16a7b4f1bfd3e703e4f7a555f7e27f6d448ac447"/>
		<Metadata name="Document.ЗаказКлиента.Form.ФормаВыбора.Form" id="4e855b48-f320-4125-9e56-1e485d64b14d.0" configVersion="3f314e6fbdd86d5ac688c72feffbddd4a3fb1965"/>
		<Metadata name="Document.ЗаказКлиента.Form.ФормаДокумента" id="fa625956-e852-4858-8d27-3aaaa8499479" configVersion="7d202928696c4c63c826b8b3cdc0552f862feea1"/>
		<Metadata name="Document.ЗаказКлиента.Form.ФормаДокумента.Form" id="fa625956-e852-4858-8d27-3aaaa8499479.0" configVersion="429fea8ec23e8d5e3c32b5870e0ce8841781fa1a"/>
		<Metadata name="Document.ЗаказКлиента.Form.ФормаДокументаСамообслуживание" id="51aa42d8-7352-4f54-9ccc-befc80e8a7a2" configVersion="dc5ea32bbd760e66d028349b44764c34e3603787"/>
		<Metadata name="Document.ЗаказКлиента.Form.ФормаДокументаСамообслуживание.Form" id="51aa42d8-7352-4f54-9ccc-befc80e8a7a2.0" configVersion="34a6a6cb689dad2a7f4f975866c9cbc3a0bcc19f"/>
		<Metadata name="Document.ЗаказКлиента.Form.ФормаСписка" id="f31c95f5-294c-4327-bc9f-5081e2291cac" configVersion="533d94fefcb1335e514aecd574d5f4f78c044a7b"/>
		<Metadata name="Document.ЗаказКлиента.Form.ФормаСписка.Form" id="f31c95f5-294c-4327-bc9f-5081e2291cac.0" configVersion="0021175511dc6a60780d8bce56f289021e1c9a0f"/>
		<Metadata name="Document.ЗаказКлиента.Form.ФормаСпискаДокументов" id="d7a5647f-131a-4556-a57f-4d4f941ec137" configVersion="e7c8b4ecf7d3651963ef122a780a111f9593d290"/>
		<Metadata name="Document.ЗаказКлиента.Form.ФормаСпискаДокументов.Form" id="d7a5647f-131a-4556-a57f-4d4f941ec137.0" configVersion="126bb3936d3bd98d707a1674a773b1c512dec594"/>
		<Metadata name="Document.ЗаказКлиента.Form.ФормаСпискаСамообслуживание" id="a66976b8-0d77-48be-bc4e-d107161d872e" configVersion="87bee1ef6b09a609fd5684aac75f3d19a14782e2"/>
		<Metadata name="Document.ЗаказКлиента.Form.ФормаСпискаСамообслуживание.Form" id="a66976b8-0d77-48be-bc4e-d107161d872e.0" configVersion="be08dc2d4f25be27a8e51d86faa48f7caf9195eb"/>
		<Metadata name="Document.ЗаказКлиента.ObjectModule" id="e5063b1c-2483-4619-921a-010dd905e9fb.0" configVersion="33342a49dcccf714719fdc9281197313c77f35ed"/>
		<Metadata name="Document.ЗаявкаНаВозвратТоваровОтКлиента" id="95bf9e2c-fff8-4eae-afdc-eb8943b383d3" configVersion="0873edc5dacd524d119c2c3e50aaf2b3b860ff88"/>
		<Metadata name="Enum.ВариантыОтправкиЭлектронногоЧекаПокупателю" id="c71f2a65-8b0a-49a3-a322-fbbeeb15c40a" configVersion="72f04c7e53ce414194151cae505ffea724bd69f0"/>
		<Metadata name="Enum.КомпанияЧастноеЛицо" id="9d959993-691a-4539-a3ba-11dde153bcc8" configVersion="4ea3a5d80604c27da7d5c4c7cf36cd1a77c6ce80"/>
		<Metadata name="Enum.ОтветственныеЛицаОрганизаций" id="60e05966-c24d-47b4-b0c4-171254157cf7" configVersion="2d77278a8128cff6b3d4150768532dd7ed87e9f2">
			<Metadata name="Enum.ОтветственныеЛицаОрганизаций.EnumValue.ГлавныйБухгалтер" id="a77fd003-74d7-4da1-975b-f063085027b6"/>
			<Metadata name="Enum.ОтветственныеЛицаОрганизаций.EnumValue.Руководитель" id="c89058a0-5062-4b5a-a8b9-c075b2c02f9b"/>
		</Metadata>
		<Metadata name="Enum.ПолФизическогоЛица" id="4647fd17-d381-410d-b3c0-0d7185bfd791" configVersion="20c1d85c4fc51500f87ad15b8be124438b1ee38f"/>
		<Metadata name="Enum.СостоянияЗаказовКлиентов" id="d3ca2323-c903-4d52-863a-9a19bdc729dd" configVersion="085922a4744f485d526644c9ca383c90082a319c">
			<Metadata name="Enum.СостоянияЗаказовКлиентов.EnumValue.ГотовКОтгрузке" id="316ae087-daf5-401a-8e59-687e68144291"/>
			<Metadata name="Enum.СостоянияЗаказовКлиентов.EnumValue.ГотовКЗакрытию" id="610d9392-2ec2-4ed1-8fc1-07fa45ef49bf"/>
			<Metadata name="Enum.СостоянияЗаказовКлиентов.EnumValue.ВПроцессеОтгрузки" id="6593ae4f-9b34-455b-8335-b7fe2552b025"/>
			<Metadata name="Enum.СостоянияЗаказовКлиентов.EnumValue.ОжидаетсяСогласование" id="c962a31e-cad0-4be0-8b13-2876f2c4b681"/>
			<Metadata name="Enum.СостоянияЗаказовКлиентов.EnumValue.ОжидаетсяОбеспечение" id="cba25735-ae71-4f9b-80eb-b58eda5e02a5"/>
			<Metadata name="Enum.СостоянияЗаказовКлиентов.EnumValue.ОжидаетсяОплатаПослеОтгрузки" id="ceb8e92d-9274-441c-ada9-57964da32fbf"/>
			<Metadata name="Enum.СостоянияЗаказовКлиентов.EnumValue.ГотовКОбеспечению" id="d3013456-b0be-4c67-ac9b-5f9954ad59f9"/>
			<Metadata name="Enum.СостоянияЗаказовКлиентов.EnumValue.Закрыт" id="d8ac3ce6-8957-46ab-9666-e04c7d717ea9"/>
			<Metadata name="Enum.СостоянияЗаказовКлиентов.EnumValue.ОжидаетсяПредоплатаДоОтгрузки" id="e8147903-b20d-4c85-bc80-95ab33ccd0a3"/>
			<Metadata name="Enum.СостоянияЗаказовКлиентов.EnumValue.ОжидаетсяАвансДоОбеспечения" id="eab8ad24-4837-4711-bb56-3dc3409b604d"/>
		</Metadata>
		<Metadata name="Enum.СостоянияЗаполненияМногооборотнойТары" id="9f2e565d-1e76-426c-afd9-354d0f0d740a" configVersion="9dd6e2e06483a711665be050f745cf7e48b01bf1"/>
		<Metadata name="Enum.СпособыДоставки" id="6d4aeb4b-2411-43d8-a784-a3c244bd5391" configVersion="9a9a450190ac3e8ab9710ee05ef6332be6b5d358">
			<Metadata name="Enum.СпособыДоставки.EnumValue.СиламиПеревозчика" id="376e883b-abdc-41fd-b191-4fec8e47da7e"/>
			<Metadata name="Enum.СпособыДоставки.EnumValue.Самовывоз" id="5a236477-f7a4-49cc-96a5-18e4234e0458"/>
			<Metadata name="Enum.СпособыДоставки.EnumValue.СиламиПеревозчикаПоАдресу" id="8376bda8-f1f6-40a2-a5b7-424d6a7352f1"/>
			<Metadata name="Enum.СпособыДоставки.EnumValue.ДоКлиента" id="aa488303-3552-4daa-9649-4330e77de8e6"/>
			<Metadata name="Enum.СпособыДоставки.EnumValue.КПолучателюОпределяетСлужбаДоставки" id="adae3cde-1b3c-41b9-9a4a-e529a65e93cf"/>
		</Metadata>
		<Metadata name="Enum.СпособыФормированияСегментов" id="9a5b84af-6b44-4f3e-8e08-8bd5110bf22e" configVersion="0a6de3c5ca58a17acef522f012acc271e891c4d5">
			<Metadata name="Enum.СпособыФормированияСегментов.EnumValue.ФормироватьВручную" id="f21cb777-3788-4206-a312-4b9c48efaf8e"/>
		</Metadata>
		<Metadata name="Enum.СтатусыДействияВидовЦен" id="b063dc1f-ea16-4a4b-9741-8b997b00afb3" configVersion="e3f7288b4850030c25b53cc595eec50f48a5414b">
			<Metadata name="Enum.СтатусыДействияВидовЦен.EnumValue.Действует" id="16866125-16af-471b-98a3-f3b10a32e54a"/>
		</Metadata>
		<Metadata name="Enum.СтатусыЗаказовКлиентов" id="93bb4313-09f3-4c78-81b9-78263f182946" configVersion="6e733dc2f14bb520f94f4a25470217d6ee503237"/>
		<Metadata name="Enum.ТипыНалогообложенияНДС" id="0e9b62d7-6cfc-4726-8a1e-bd58395328c4" configVersion="680f9e3eefaebd663fcf809ec8fc1ba0e95e2a55">
			<Metadata name="Enum.ТипыНалогообложенияНДС.EnumValue.ПродажаОблагаетсяНДС" id="1fd55a9a-adad-455c-a322-53684accfb3e"/>
			<Metadata name="Enum.ТипыНалогообложенияНДС.EnumValue.ПродажаНеОблагаетсяНДС" id="6578bd4c-9f6a-430d-9b87-86d073dde8f3"/>
			<Metadata name="Enum.ТипыНалогообложенияНДС.EnumValue.ПродажаНаЭкспорт" id="b1054734-43c2-4959-8626-f402ebc2f913"/>
			<Metadata name="Enum.ТипыНалогообложенияНДС.EnumValue.ПродажаОблагаетсяЕНВД" id="cd4ec70d-9d26-4f2d-bd18-a5f1910020d3"/>
		</Metadata>
		<Metadata name="FunctionalOption.ИспользоватьРасширенныеВозможностиЗаказаКлиента" id="1a465622-37fa-48d9-b36b-68a0c4689508" configVersion="46a15ad7eafa42983f05af4018f724fb01feefed"/>
		<Metadata name="HTTPService.ТелеграмИнтеграция" id="79824eb6-b4e0-4e7b-9ec7-00dee75cfa9e" configVersion="03bac5625c0e818e0b95b05dacd6c55530c9ffb4">
			<Metadata name="HTTPService.ТелеграмИнтеграция.URLTemplate.ЗаписьЗаказа" id="06ab5e13-a391-4791-bb2b-07d2f9c885aa"/>
			<Metadata name="HTTPService.ТелеграмИнтеграция.URLTemplate.СписокВсехЗаказов" id="1b8428b4-bcc4-425a-95f6-58d79eea8ad1"/>
			<Metadata name="HTTPService.ТелеграмИнтеграция.URLTemplate.ЗаписьЗаказа.Method.GET" id="6c95ce7a-f31d-4af2-890a-ef09ceff4c97"/>
			<Metadata name="HTTPService.ТелеграмИнтеграция.URLTemplate.СписокВсехЗаказов.Method.ТелеграмКЛ" id="ca4abaf2-30d2-4f7a-be64-64ee37cf4fa6"/>
		</Metadata>
		<Metadata name="HTTPService.ТелеграмИнтеграция.Module" id="79824eb6-b4e0-4e7b-9ec7-00dee75cfa9e.0" configVersion="f7bff5f7e4dbfc0aaaad7012ce7dbcc932502323"/>
		<Metadata name="Language.Русский" id="c9a51c46-dcf4-49cc-b9c9-fe3a1c7ed979" configVersion="9324fd30c39d47b29beb522f9a7592dcc65a7d22"/>
		<Metadata name="Role.Увед_ОсновнаяРоль" id="3a06139c-284f-4f25-937e-9222b30eb6b4" configVersion="3d2ca0340659123823bb9c13716bb038200c059c"/>
		<Metadata name="ScheduledJob.Увед_РегламентноеЗадание" id="df32dc1d-2192-407a-a661-f35fb61a96ed" configVersion="083aa99d0f97bc7302d4120ae8b1d019e168a27c"/>
		<Metadata name="ScheduledJob.Увед_РегламентноеЗадание.Schedule" id="df32dc1d-2192-407a-a661-f35fb61a96ed.0" configVersion="f1a80b85e0a5474c79dceeb2767da3b0e8b6e2d1"/>
		<Metadata name="StyleItem.ГиперссылкаЦвет" id="49f6264e-f3d0-4be4-ab38-59a4ad9b6276" configVersion="ee60c34a8f72733a02406aa8f6a7fea86010c505"/>
		<Metadata name="StyleItem.ИтогиФон" id="2322d121-f267-4042-ba25-6b05ccb075a3" configVersion="a22e324a5dc840aaaa79b3185aa0198a403ff22c"/>
		<Metadata name="StyleItem.ПолеСОшибкойФон" id="0236c98b-bdcf-4af8-9fec-3caf0a775b36" configVersion="e5dbfe11eac05b031b0f1c489cf90c4f9d1d073d"/>
		<Metadata name="StyleItem.ПоясняющийТекст" id="92fed5e9-9ef6-441d-acfb-700a3db28492" configVersion="e549b8b984f0cd32f39a2024d9be4f4fb1a2c142"/>
		<Metadata name="StyleItem.ЦветТекстаПроблема" id="aa65d971-0393-46ed-9bee-b84133b7efe1" configVersion="59a4f7321f174066ab501d2cfd3eb7332e7dfc44"/>
		<Metadata name="StyleItem.ЦветФонаВыделения" id="99fe0e98-c52d-4457-82e9-ce611632b2ef" configVersion="de782aa16d49db1ff923c94c84a06f469f9abf96"/>
		<Metadata name="Subsystem.ТЕСТ" id="07d6b23d-53f2-43f1-9c13-44f37ee598df" configVersion="3258eb5de8770c3f89ab18e537ad74e76e7bf926"/>
	</ConfigVersions>
</ConfigDumpInfo>