﻿<?xml version="1.0" encoding="UTF-8"?>
<MetaDataObject xmlns="http://v8.1c.ru/8.3/MDClasses" xmlns:app="http://v8.1c.ru/8.2/managed-application/core" xmlns:cfg="http://v8.1c.ru/8.1/data/enterprise/current-config" xmlns:cmi="http://v8.1c.ru/8.2/managed-application/cmi" xmlns:ent="http://v8.1c.ru/8.1/data/enterprise" xmlns:lf="http://v8.1c.ru/8.2/managed-application/logform" xmlns:style="http://v8.1c.ru/8.1/data/ui/style" xmlns:sys="http://v8.1c.ru/8.1/data/ui/fonts/system" xmlns:v8="http://v8.1c.ru/8.1/data/core" xmlns:v8ui="http://v8.1c.ru/8.1/data/ui" xmlns:web="http://v8.1c.ru/8.1/data/ui/colors/web" xmlns:win="http://v8.1c.ru/8.1/data/ui/colors/windows" xmlns:xen="http://v8.1c.ru/8.3/xcf/enums" xmlns:xpr="http://v8.1c.ru/8.3/xcf/predef" xmlns:xr="http://v8.1c.ru/8.3/xcf/readable" xmlns:xs="http://www.w3.org/2001/XMLSchema" xmlns:xsi="http://www.w3.org/2001/XMLSchema-instance" version="2.18">
	<Configuration uuid="d3913630-f42f-4996-bfb9-bbe15a791ec1">
		<InternalInfo>
			<xr:ContainedObject>
				<xr:ClassId>9cd510cd-abfc-11d4-9434-004095e12fc7</xr:ClassId>
				<xr:ObjectId>0cf4afdb-8ea4-449f-b923-20f6485f32a9</xr:ObjectId>
			</xr:ContainedObject>
			<xr:ContainedObject>
				<xr:ClassId>9fcd25a0-4822-11d4-9414-008048da11f9</xr:ClassId>
				<xr:ObjectId>c976cace-1576-4d01-9f71-4f45690ac525</xr:ObjectId>
			</xr:ContainedObject>
			<xr:ContainedObject>
				<xr:ClassId>e3687481-0a87-462c-a166-9f34594f9bba</xr:ClassId>
				<xr:ObjectId>eb8ddca5-1e1d-42d2-bbc9-114ce9f029a9</xr:ObjectId>
			</xr:ContainedObject>
			<xr:ContainedObject>
				<xr:ClassId>9de14907-ec23-4a07-96f0-85521cb6b53b</xr:ClassId>
				<xr:ObjectId>28ff82f9-4e47-4b31-a2c6-9aa11362a0fc</xr:ObjectId>
			</xr:ContainedObject>
			<xr:ContainedObject>
				<xr:ClassId>51f2d5d8-ea4d-4064-8892-82951750031e</xr:ClassId>
				<xr:ObjectId>df853f0b-8950-48fe-9f93-259b279488ac</xr:ObjectId>
			</xr:ContainedObject>
			<xr:ContainedObject>
				<xr:ClassId>e68182ea-4237-4383-967f-90c1e3370bc7</xr:ClassId>
				<xr:ObjectId>d39686a7-9356-4e4c-aee7-1015a0e8a4b8</xr:ObjectId>
			</xr:ContainedObject>
			<xr:ContainedObject>
				<xr:ClassId>fb282519-d103-4dd3-bc12-cb271d631dfc</xr:ClassId>
				<xr:ObjectId>6f8cae44-8616-4a00-88ff-22c68dd635fe</xr:ObjectId>
			</xr:ContainedObject>
		</InternalInfo>
		<Properties>
			<ObjectBelonging>Adopted</ObjectBelonging>
			<Name>УведомленияТелеграм</Name>
			<Synonym>
				<v8:item>
					<v8:lang>ru</v8:lang>
					<v8:content>Уведомления телеграм</v8:content>
				</v8:item>
			</Synonym>
			<Comment/>
			<ConfigurationExtensionPurpose>AddOn</ConfigurationExtensionPurpose>
			<KeepMappingToExtendedConfigurationObjectsByIDs>true</KeepMappingToExtendedConfigurationObjectsByIDs>
			<NamePrefix>Увед_</NamePrefix>
			<ConfigurationExtensionCompatibilityMode>Version8_3_24</ConfigurationExtensionCompatibilityMode>
			<DefaultRunMode>ManagedApplication</DefaultRunMode>
			<UsePurposes>
				<v8:Value xsi:type="app:ApplicationUsePurpose">PlatformApplication</v8:Value>
			</UsePurposes>
			<ScriptVariant>Russian</ScriptVariant>
			<DefaultRoles>
				<xr:Item xsi:type="xr:MDObjectRef">Role.Увед_ОсновнаяРоль</xr:Item>
			</DefaultRoles>
			<Vendor/>
			<Version/>
			<DefaultLanguage>Language.Русский</DefaultLanguage>
			<BriefInformation/>
			<DetailedInformation/>
			<Copyright/>
			<VendorInformationAddress/>
			<ConfigurationInformationAddress/>
			<InterfaceCompatibilityMode>TaxiEnableVersion8_2</InterfaceCompatibilityMode>
		</Properties>
		<ChildObjects>
			<Language>Русский</Language>
			<Subsystem>ТЕСТ</Subsystem>
			<StyleItem>ПолеСОшибкойФон</StyleItem>
			<StyleItem>ПоясняющийТекст</StyleItem>
			<StyleItem>ЦветТекстаПроблема</StyleItem>
			<StyleItem>ЦветФонаВыделения</StyleItem>
			<StyleItem>ГиперссылкаЦвет</StyleItem>
			<StyleItem>ИтогиФон</StyleItem>
			<CommonPicture>Набор</CommonPicture>
			<CommonPicture>Отчеты</CommonPicture>
			<CommonPicture>Наборы</CommonPicture>
			<CommonPicture>ЗаполнитьПоШаблону</CommonPicture>
			<CommonPicture>ЗаполнитьФорму</CommonPicture>
			<CommonPicture>Внимание16</CommonPicture>
			<CommonPicture>НастройкаПродажи</CommonPicture>
			<CommonPicture>Приоритеты</CommonPicture>
			<CommonPicture>ЗагрузитьДокументыИзСкановФото</CommonPicture>
			<Role>Увед_ОсновнаяРоль</Role>
			<CommonModule>Увед_ОбщийМодуль1</CommonModule>
			<HTTPService>ТелеграмИнтеграция</HTTPService>
			<ScheduledJob>Увед_РегламентноеЗадание</ScheduledJob>
			<FunctionalOption>ИспользоватьРасширенныеВозможностиЗаказаКлиента</FunctionalOption>
			<DefinedType>ДенежнаяСуммаЛюбогоЗнака</DefinedType>
			<Constant>ИспользоватьРасширенныеВозможностиЗаказаКлиента</Constant>
			<Catalog>Партнеры</Catalog>
			<Catalog>БизнесРегионы</Catalog>
			<Catalog>ГруппыДоступаПартнеров</Catalog>
			<Catalog>Пользователи</Catalog>
			<Catalog>ШаблоныЭтикетокИЦенников</Catalog>
			<Catalog>Назначения</Catalog>
			<Catalog>ЗоныДоставки</Catalog>
			<Catalog>ВидыЦен</Catalog>
			<Catalog>Контрагенты</Catalog>
			<Catalog>Организации</Catalog>
			<Catalog>СоглашенияСКлиентами</Catalog>
			<Catalog>СделкиСКлиентами</Catalog>
			<Catalog>Валюты</Catalog>
			<Catalog>ГрафикиОплаты</Catalog>
			<Catalog>Склады</Catalog>
			<Catalog>КонтактныеЛицаПартнеров</Catalog>
			<Catalog>ОтветственныеЛицаОрганизаций</Catalog>
			<Catalog>ФизическиеЛица</Catalog>
			<Document>ЗаказКлиента</Document>
			<Document>ЗаявкаНаВозвратТоваровОтКлиента</Document>
			<Enum>СпособыФормированияСегментов</Enum>
			<Enum>КомпанияЧастноеЛицо</Enum>
			<Enum>ПолФизическогоЛица</Enum>
			<Enum>ВариантыОтправкиЭлектронногоЧекаПокупателю</Enum>
			<Enum>СтатусыЗаказовКлиентов</Enum>
			<Enum>СпособыДоставки</Enum>
			<Enum>ТипыНалогообложенияНДС</Enum>
			<Enum>СтатусыДействияВидовЦен</Enum>
			<Enum>ОтветственныеЛицаОрганизаций</Enum>
			<Enum>СостоянияЗаполненияМногооборотнойТары</Enum>
			<Enum>СостоянияЗаказовКлиентов</Enum>
			<DataProcessor>Увед_Обработка</DataProcessor>
		</ChildObjects>
	</Configuration>
</MetaDataObject>