﻿<?xml version="1.0" encoding="UTF-8"?>
<MetaDataObject xmlns="http://v8.1c.ru/8.3/MDClasses" xmlns:app="http://v8.1c.ru/8.2/managed-application/core" xmlns:cfg="http://v8.1c.ru/8.1/data/enterprise/current-config" xmlns:cmi="http://v8.1c.ru/8.2/managed-application/cmi" xmlns:ent="http://v8.1c.ru/8.1/data/enterprise" xmlns:lf="http://v8.1c.ru/8.2/managed-application/logform" xmlns:style="http://v8.1c.ru/8.1/data/ui/style" xmlns:sys="http://v8.1c.ru/8.1/data/ui/fonts/system" xmlns:v8="http://v8.1c.ru/8.1/data/core" xmlns:v8ui="http://v8.1c.ru/8.1/data/ui" xmlns:web="http://v8.1c.ru/8.1/data/ui/colors/web" xmlns:win="http://v8.1c.ru/8.1/data/ui/colors/windows" xmlns:xen="http://v8.1c.ru/8.3/xcf/enums" xmlns:xpr="http://v8.1c.ru/8.3/xcf/predef" xmlns:xr="http://v8.1c.ru/8.3/xcf/readable" xmlns:xs="http://www.w3.org/2001/XMLSchema" xmlns:xsi="http://www.w3.org/2001/XMLSchema-instance" version="2.18">
	<Catalog uuid="58261aea-605b-43a3-9fc1-ec3aa31dd9f5">
		<InternalInfo>
			<xr:GeneratedType name="CatalogObject.БизнесРегионы" category="Object">
				<xr:TypeId>bdd1573e-e2ae-4f63-bd61-b854defc1e24</xr:TypeId>
				<xr:ValueId>21e7eb3d-9f8d-4b3a-a217-b0bd663d98f0</xr:ValueId>
			</xr:GeneratedType>
			<xr:GeneratedType name="CatalogRef.БизнесРегионы" category="Ref">
				<xr:TypeId>4af05398-b8c2-4bc9-adbc-95154cdfaed7</xr:TypeId>
				<xr:ValueId>bad76208-2c7b-4dba-939a-cfac04c56187</xr:ValueId>
			</xr:GeneratedType>
			<xr:GeneratedType name="CatalogSelection.БизнесРегионы" category="Selection">
				<xr:TypeId>7461c808-3cff-4978-8f4f-4697dc8fe4b8</xr:TypeId>
				<xr:ValueId>478dafe1-8e33-4651-b11b-a2469d07da7e</xr:ValueId>
			</xr:GeneratedType>
			<xr:GeneratedType name="CatalogList.БизнесРегионы" category="List">
				<xr:TypeId>774eaeb8-5556-4b82-a3a6-ae63f9673a50</xr:TypeId>
				<xr:ValueId>67bbbdaa-3896-4cce-a959-061ce7c3b68e</xr:ValueId>
			</xr:GeneratedType>
			<xr:GeneratedType name="CatalogManager.БизнесРегионы" category="Manager">
				<xr:TypeId>e8bdd5d9-abda-4454-86c2-48388c981d91</xr:TypeId>
				<xr:ValueId>0740f6bf-4b8e-4a3d-95bd-c0a16d2410f3</xr:ValueId>
			</xr:GeneratedType>
		</InternalInfo>
		<Properties>
			<ObjectBelonging>Adopted</ObjectBelonging>
			<Name>БизнесРегионы</Name>
			<Comment/>
			<ExtendedConfigurationObject>f0062890-9bb3-438f-b2eb-12a2648f91f4</ExtendedConfigurationObject>
		</Properties>
		<ChildObjects/>
	</Catalog>
</MetaDataObject>