﻿<?xml version="1.0" encoding="UTF-8"?>
<MetaDataObject xmlns="http://v8.1c.ru/8.3/MDClasses" xmlns:app="http://v8.1c.ru/8.2/managed-application/core" xmlns:cfg="http://v8.1c.ru/8.1/data/enterprise/current-config" xmlns:cmi="http://v8.1c.ru/8.2/managed-application/cmi" xmlns:ent="http://v8.1c.ru/8.1/data/enterprise" xmlns:lf="http://v8.1c.ru/8.2/managed-application/logform" xmlns:style="http://v8.1c.ru/8.1/data/ui/style" xmlns:sys="http://v8.1c.ru/8.1/data/ui/fonts/system" xmlns:v8="http://v8.1c.ru/8.1/data/core" xmlns:v8ui="http://v8.1c.ru/8.1/data/ui" xmlns:web="http://v8.1c.ru/8.1/data/ui/colors/web" xmlns:win="http://v8.1c.ru/8.1/data/ui/colors/windows" xmlns:xen="http://v8.1c.ru/8.3/xcf/enums" xmlns:xpr="http://v8.1c.ru/8.3/xcf/predef" xmlns:xr="http://v8.1c.ru/8.3/xcf/readable" xmlns:xs="http://www.w3.org/2001/XMLSchema" xmlns:xsi="http://www.w3.org/2001/XMLSchema-instance" version="2.18">
	<Catalog uuid="ed71350a-3558-488a-856d-d6f3c54baa10">
		<InternalInfo>
			<xr:GeneratedType name="CatalogObject.Валюты" category="Object">
				<xr:TypeId>d02e3423-61c3-4644-8043-fb0d900ab750</xr:TypeId>
				<xr:ValueId>8bd805bb-8945-4241-b7c9-8087fa84e9f0</xr:ValueId>
			</xr:GeneratedType>
			<xr:GeneratedType name="CatalogRef.Валюты" category="Ref">
				<xr:TypeId>b04606d7-4d59-4ca3-9379-f30a6a6de460</xr:TypeId>
				<xr:ValueId>56344fc9-aec4-49bc-9ac1-5b2532815dcf</xr:ValueId>
			</xr:GeneratedType>
			<xr:GeneratedType name="CatalogSelection.Валюты" category="Selection">
				<xr:TypeId>227751b0-770a-4fde-be53-67901926fa65</xr:TypeId>
				<xr:ValueId>7662b646-74a7-4c1a-a6a1-41e3462ff954</xr:ValueId>
			</xr:GeneratedType>
			<xr:GeneratedType name="CatalogList.Валюты" category="List">
				<xr:TypeId>13b15e39-af34-4cce-9419-72d5d5be2eb0</xr:TypeId>
				<xr:ValueId>037cc13b-d6c8-4bfd-80ce-79ed4f1fbe63</xr:ValueId>
			</xr:GeneratedType>
			<xr:GeneratedType name="CatalogManager.Валюты" category="Manager">
				<xr:TypeId>34b80048-19fe-43e5-a5fc-f6e7c6fc8541</xr:TypeId>
				<xr:ValueId>d70c0781-86d9-4cf9-8edd-76e04f57d6ab</xr:ValueId>
			</xr:GeneratedType>
		</InternalInfo>
		<Properties>
			<ObjectBelonging>Adopted</ObjectBelonging>
			<Name>Валюты</Name>
			<Comment/>
			<ExtendedConfigurationObject>7aadbb67-f93e-43bb-9f53-f14d2c2a347a</ExtendedConfigurationObject>
		</Properties>
		<ChildObjects/>
	</Catalog>
</MetaDataObject>