﻿<?xml version="1.0" encoding="UTF-8"?>
<MetaDataObject xmlns="http://v8.1c.ru/8.3/MDClasses" xmlns:app="http://v8.1c.ru/8.2/managed-application/core" xmlns:cfg="http://v8.1c.ru/8.1/data/enterprise/current-config" xmlns:cmi="http://v8.1c.ru/8.2/managed-application/cmi" xmlns:ent="http://v8.1c.ru/8.1/data/enterprise" xmlns:lf="http://v8.1c.ru/8.2/managed-application/logform" xmlns:style="http://v8.1c.ru/8.1/data/ui/style" xmlns:sys="http://v8.1c.ru/8.1/data/ui/fonts/system" xmlns:v8="http://v8.1c.ru/8.1/data/core" xmlns:v8ui="http://v8.1c.ru/8.1/data/ui" xmlns:web="http://v8.1c.ru/8.1/data/ui/colors/web" xmlns:win="http://v8.1c.ru/8.1/data/ui/colors/windows" xmlns:xen="http://v8.1c.ru/8.3/xcf/enums" xmlns:xpr="http://v8.1c.ru/8.3/xcf/predef" xmlns:xr="http://v8.1c.ru/8.3/xcf/readable" xmlns:xs="http://www.w3.org/2001/XMLSchema" xmlns:xsi="http://www.w3.org/2001/XMLSchema-instance" version="2.18">
	<Catalog uuid="b5882e7d-470e-4f75-86fa-68c92177bb57">
		<InternalInfo>
			<xr:GeneratedType name="CatalogObject.ВидыЦен" category="Object">
				<xr:TypeId>cf73ac96-0400-4eb1-a941-5f7439d0a330</xr:TypeId>
				<xr:ValueId>10ad5ab6-d067-43dc-92c4-9fc8a12a8434</xr:ValueId>
			</xr:GeneratedType>
			<xr:GeneratedType name="CatalogRef.ВидыЦен" category="Ref">
				<xr:TypeId>fd3e85ce-5012-4b7e-876b-47e05e0b56fd</xr:TypeId>
				<xr:ValueId>e20735b4-5f38-4d86-ada6-556ae10a11f8</xr:ValueId>
			</xr:GeneratedType>
			<xr:GeneratedType name="CatalogSelection.ВидыЦен" category="Selection">
				<xr:TypeId>53373082-e8a6-42f8-b2e4-feebd2c52661</xr:TypeId>
				<xr:ValueId>88b8e8bf-b68a-4a01-a8c1-498c8c423de6</xr:ValueId>
			</xr:GeneratedType>
			<xr:GeneratedType name="CatalogList.ВидыЦен" category="List">
				<xr:TypeId>10b26be6-0ff2-4417-9f15-c911c6711a1f</xr:TypeId>
				<xr:ValueId>c01adbb0-4daf-47cd-8a6e-7b878fb7e6a8</xr:ValueId>
			</xr:GeneratedType>
			<xr:GeneratedType name="CatalogManager.ВидыЦен" category="Manager">
				<xr:TypeId>231b5991-f187-41d0-b4e9-118ccdb71068</xr:TypeId>
				<xr:ValueId>033239f7-3e5e-4257-8b9e-c09645ac2878</xr:ValueId>
			</xr:GeneratedType>
		</InternalInfo>
		<Properties>
			<ObjectBelonging>Adopted</ObjectBelonging>
			<Name>ВидыЦен</Name>
			<Comment/>
			<ExtendedConfigurationObject>1a6593e1-d0c4-428d-af64-b1161601c46b</ExtendedConfigurationObject>
		</Properties>
		<ChildObjects/>
	</Catalog>
</MetaDataObject>