﻿<?xml version="1.0" encoding="UTF-8"?>
<MetaDataObject xmlns="http://v8.1c.ru/8.3/MDClasses" xmlns:app="http://v8.1c.ru/8.2/managed-application/core" xmlns:cfg="http://v8.1c.ru/8.1/data/enterprise/current-config" xmlns:cmi="http://v8.1c.ru/8.2/managed-application/cmi" xmlns:ent="http://v8.1c.ru/8.1/data/enterprise" xmlns:lf="http://v8.1c.ru/8.2/managed-application/logform" xmlns:style="http://v8.1c.ru/8.1/data/ui/style" xmlns:sys="http://v8.1c.ru/8.1/data/ui/fonts/system" xmlns:v8="http://v8.1c.ru/8.1/data/core" xmlns:v8ui="http://v8.1c.ru/8.1/data/ui" xmlns:web="http://v8.1c.ru/8.1/data/ui/colors/web" xmlns:win="http://v8.1c.ru/8.1/data/ui/colors/windows" xmlns:xen="http://v8.1c.ru/8.3/xcf/enums" xmlns:xpr="http://v8.1c.ru/8.3/xcf/predef" xmlns:xr="http://v8.1c.ru/8.3/xcf/readable" xmlns:xs="http://www.w3.org/2001/XMLSchema" xmlns:xsi="http://www.w3.org/2001/XMLSchema-instance" version="2.18">
	<Catalog uuid="20e560d5-b6a4-4607-9d75-cdf87685e47a">
		<InternalInfo>
			<xr:GeneratedType name="CatalogObject.ГрафикиОплаты" category="Object">
				<xr:TypeId>b8db9939-a048-4fea-83bd-2891c2977691</xr:TypeId>
				<xr:ValueId>2e7d29af-7ef3-412f-a2f9-984225262057</xr:ValueId>
			</xr:GeneratedType>
			<xr:GeneratedType name="CatalogRef.ГрафикиОплаты" category="Ref">
				<xr:TypeId>9a2fd98d-c42e-41c2-a3a6-ebb110cf7d7e</xr:TypeId>
				<xr:ValueId>2f315a52-162b-4504-8606-0329f81dc0c4</xr:ValueId>
			</xr:GeneratedType>
			<xr:GeneratedType name="CatalogSelection.ГрафикиОплаты" category="Selection">
				<xr:TypeId>d05407a8-ffce-4667-bc11-bccbaa0947ee</xr:TypeId>
				<xr:ValueId>a7a5264f-96fa-494e-ae4d-6bd0605d4c82</xr:ValueId>
			</xr:GeneratedType>
			<xr:GeneratedType name="CatalogList.ГрафикиОплаты" category="List">
				<xr:TypeId>aa168759-c57b-4fdc-acd2-9db471283b32</xr:TypeId>
				<xr:ValueId>5231e047-238d-4da2-a504-c9b7ce719d20</xr:ValueId>
			</xr:GeneratedType>
			<xr:GeneratedType name="CatalogManager.ГрафикиОплаты" category="Manager">
				<xr:TypeId>123374a6-b50d-44ce-87e0-8c139bb002c7</xr:TypeId>
				<xr:ValueId>481a937b-4857-48d2-92b7-712167beb2e5</xr:ValueId>
			</xr:GeneratedType>
		</InternalInfo>
		<Properties>
			<ObjectBelonging>Adopted</ObjectBelonging>
			<Name>ГрафикиОплаты</Name>
			<Comment/>
			<ExtendedConfigurationObject>0d9ee951-344c-4a17-aa58-5ab8b2c4bb56</ExtendedConfigurationObject>
		</Properties>
		<ChildObjects/>
	</Catalog>
</MetaDataObject>