﻿<?xml version="1.0" encoding="UTF-8"?>
<MetaDataObject xmlns="http://v8.1c.ru/8.3/MDClasses" xmlns:app="http://v8.1c.ru/8.2/managed-application/core" xmlns:cfg="http://v8.1c.ru/8.1/data/enterprise/current-config" xmlns:cmi="http://v8.1c.ru/8.2/managed-application/cmi" xmlns:ent="http://v8.1c.ru/8.1/data/enterprise" xmlns:lf="http://v8.1c.ru/8.2/managed-application/logform" xmlns:style="http://v8.1c.ru/8.1/data/ui/style" xmlns:sys="http://v8.1c.ru/8.1/data/ui/fonts/system" xmlns:v8="http://v8.1c.ru/8.1/data/core" xmlns:v8ui="http://v8.1c.ru/8.1/data/ui" xmlns:web="http://v8.1c.ru/8.1/data/ui/colors/web" xmlns:win="http://v8.1c.ru/8.1/data/ui/colors/windows" xmlns:xen="http://v8.1c.ru/8.3/xcf/enums" xmlns:xpr="http://v8.1c.ru/8.3/xcf/predef" xmlns:xr="http://v8.1c.ru/8.3/xcf/readable" xmlns:xs="http://www.w3.org/2001/XMLSchema" xmlns:xsi="http://www.w3.org/2001/XMLSchema-instance" version="2.18">
	<Catalog uuid="9666473e-98c0-46ac-9821-5da825b2fec4">
		<InternalInfo>
			<xr:GeneratedType name="CatalogObject.ГруппыДоступаПартнеров" category="Object">
				<xr:TypeId>6f9ca283-7d74-4e02-906e-5cf3182e6170</xr:TypeId>
				<xr:ValueId>932a105e-3521-4aeb-adf1-6be7118e68f0</xr:ValueId>
			</xr:GeneratedType>
			<xr:GeneratedType name="CatalogRef.ГруппыДоступаПартнеров" category="Ref">
				<xr:TypeId>42a63a34-bcc2-4e6e-95ef-a09fc4cf2ee4</xr:TypeId>
				<xr:ValueId>b0c2cc93-e489-4615-9228-15808ce32803</xr:ValueId>
			</xr:GeneratedType>
			<xr:GeneratedType name="CatalogSelection.ГруппыДоступаПартнеров" category="Selection">
				<xr:TypeId>16cadbc6-df60-4c46-b2ae-97e09dd75a39</xr:TypeId>
				<xr:ValueId>507aa6d9-a1f8-41ab-825f-f1d027e83317</xr:ValueId>
			</xr:GeneratedType>
			<xr:GeneratedType name="CatalogList.ГруппыДоступаПартнеров" category="List">
				<xr:TypeId>e2e9d622-6335-468c-8826-80183f0c8051</xr:TypeId>
				<xr:ValueId>12ced69f-4c05-4db3-8783-f847c6039acc</xr:ValueId>
			</xr:GeneratedType>
			<xr:GeneratedType name="CatalogManager.ГруппыДоступаПартнеров" category="Manager">
				<xr:TypeId>7afc3584-069f-4429-94c9-0c32ffa9d8eb</xr:TypeId>
				<xr:ValueId>8eaef764-7968-432b-8548-04a8e739d13e</xr:ValueId>
			</xr:GeneratedType>
		</InternalInfo>
		<Properties>
			<ObjectBelonging>Adopted</ObjectBelonging>
			<Name>ГруппыДоступаПартнеров</Name>
			<Comment/>
			<ExtendedConfigurationObject>65d41e34-2701-496a-b478-7cad82a14c32</ExtendedConfigurationObject>
		</Properties>
		<ChildObjects/>
	</Catalog>
</MetaDataObject>