﻿<?xml version="1.0" encoding="UTF-8"?>
<MetaDataObject xmlns="http://v8.1c.ru/8.3/MDClasses" xmlns:app="http://v8.1c.ru/8.2/managed-application/core" xmlns:cfg="http://v8.1c.ru/8.1/data/enterprise/current-config" xmlns:cmi="http://v8.1c.ru/8.2/managed-application/cmi" xmlns:ent="http://v8.1c.ru/8.1/data/enterprise" xmlns:lf="http://v8.1c.ru/8.2/managed-application/logform" xmlns:style="http://v8.1c.ru/8.1/data/ui/style" xmlns:sys="http://v8.1c.ru/8.1/data/ui/fonts/system" xmlns:v8="http://v8.1c.ru/8.1/data/core" xmlns:v8ui="http://v8.1c.ru/8.1/data/ui" xmlns:web="http://v8.1c.ru/8.1/data/ui/colors/web" xmlns:win="http://v8.1c.ru/8.1/data/ui/colors/windows" xmlns:xen="http://v8.1c.ru/8.3/xcf/enums" xmlns:xpr="http://v8.1c.ru/8.3/xcf/predef" xmlns:xr="http://v8.1c.ru/8.3/xcf/readable" xmlns:xs="http://www.w3.org/2001/XMLSchema" xmlns:xsi="http://www.w3.org/2001/XMLSchema-instance" version="2.18">
	<Catalog uuid="903c0170-c287-43dd-ba10-a4df261920f6">
		<InternalInfo>
			<xr:GeneratedType name="CatalogObject.ЗоныДоставки" category="Object">
				<xr:TypeId>14d74e37-31d9-4de2-9b75-4a0cb16a3eac</xr:TypeId>
				<xr:ValueId>b9bda9e8-427c-4bb3-8cd4-973a5bc069a1</xr:ValueId>
			</xr:GeneratedType>
			<xr:GeneratedType name="CatalogRef.ЗоныДоставки" category="Ref">
				<xr:TypeId>43ece9ad-cad0-4473-aa79-1161c6b1c283</xr:TypeId>
				<xr:ValueId>c0df5401-7bf2-427e-bb6e-9bccf2894afb</xr:ValueId>
			</xr:GeneratedType>
			<xr:GeneratedType name="CatalogSelection.ЗоныДоставки" category="Selection">
				<xr:TypeId>7499cafd-2e92-4486-a167-96b5dc02d59d</xr:TypeId>
				<xr:ValueId>3af327a5-c0db-4f70-aaa0-c0d25aea7ac8</xr:ValueId>
			</xr:GeneratedType>
			<xr:GeneratedType name="CatalogList.ЗоныДоставки" category="List">
				<xr:TypeId>8276c2f8-acc4-4f2c-92ab-d5b133c68429</xr:TypeId>
				<xr:ValueId>fec62b09-e935-4af0-91a4-e180ed2af96a</xr:ValueId>
			</xr:GeneratedType>
			<xr:GeneratedType name="CatalogManager.ЗоныДоставки" category="Manager">
				<xr:TypeId>3060aba9-91ad-4112-b376-0aa4f2dde0cd</xr:TypeId>
				<xr:ValueId>fb0a2340-5ca8-45a8-b751-12ef67950c5d</xr:ValueId>
			</xr:GeneratedType>
		</InternalInfo>
		<Properties>
			<ObjectBelonging>Adopted</ObjectBelonging>
			<Name>ЗоныДоставки</Name>
			<Comment/>
			<ExtendedConfigurationObject>ba5d890b-de2b-42a0-afe2-c800460fc050</ExtendedConfigurationObject>
		</Properties>
		<ChildObjects/>
	</Catalog>
</MetaDataObject>