﻿<?xml version="1.0" encoding="UTF-8"?>
<MetaDataObject xmlns="http://v8.1c.ru/8.3/MDClasses" xmlns:app="http://v8.1c.ru/8.2/managed-application/core" xmlns:cfg="http://v8.1c.ru/8.1/data/enterprise/current-config" xmlns:cmi="http://v8.1c.ru/8.2/managed-application/cmi" xmlns:ent="http://v8.1c.ru/8.1/data/enterprise" xmlns:lf="http://v8.1c.ru/8.2/managed-application/logform" xmlns:style="http://v8.1c.ru/8.1/data/ui/style" xmlns:sys="http://v8.1c.ru/8.1/data/ui/fonts/system" xmlns:v8="http://v8.1c.ru/8.1/data/core" xmlns:v8ui="http://v8.1c.ru/8.1/data/ui" xmlns:web="http://v8.1c.ru/8.1/data/ui/colors/web" xmlns:win="http://v8.1c.ru/8.1/data/ui/colors/windows" xmlns:xen="http://v8.1c.ru/8.3/xcf/enums" xmlns:xpr="http://v8.1c.ru/8.3/xcf/predef" xmlns:xr="http://v8.1c.ru/8.3/xcf/readable" xmlns:xs="http://www.w3.org/2001/XMLSchema" xmlns:xsi="http://www.w3.org/2001/XMLSchema-instance" version="2.18">
	<Catalog uuid="d4f7104e-7310-493c-9f1d-3ca8aa1180c1">
		<InternalInfo>
			<xr:GeneratedType name="CatalogObject.КонтактныеЛицаПартнеров" category="Object">
				<xr:TypeId>c20a1832-bce9-4880-995a-e5a1fdd0fd7f</xr:TypeId>
				<xr:ValueId>570a78d9-8d52-48ef-b839-2d17df7fa1f2</xr:ValueId>
			</xr:GeneratedType>
			<xr:GeneratedType name="CatalogRef.КонтактныеЛицаПартнеров" category="Ref">
				<xr:TypeId>32157a7f-085f-4b30-a7a5-5d69925275a8</xr:TypeId>
				<xr:ValueId>0d33d91e-a756-455b-9057-104d5f5dd8ae</xr:ValueId>
			</xr:GeneratedType>
			<xr:GeneratedType name="CatalogSelection.КонтактныеЛицаПартнеров" category="Selection">
				<xr:TypeId>4525d7c6-ad5f-46b6-aaa0-2212d733f554</xr:TypeId>
				<xr:ValueId>5143b8f8-8b15-4502-a7cd-e150a470592a</xr:ValueId>
			</xr:GeneratedType>
			<xr:GeneratedType name="CatalogList.КонтактныеЛицаПартнеров" category="List">
				<xr:TypeId>306d816b-35c8-4495-b0a8-2e2bf0e2d3cd</xr:TypeId>
				<xr:ValueId>cba23d83-f464-4c18-b164-32a0662e8ede</xr:ValueId>
			</xr:GeneratedType>
			<xr:GeneratedType name="CatalogManager.КонтактныеЛицаПартнеров" category="Manager">
				<xr:TypeId>797e44d0-6b02-4618-b4e7-80ab19ab0d92</xr:TypeId>
				<xr:ValueId>fe82c9cd-f770-410c-bdd4-5771550ad5c9</xr:ValueId>
			</xr:GeneratedType>
		</InternalInfo>
		<Properties>
			<ObjectBelonging>Adopted</ObjectBelonging>
			<Name>КонтактныеЛицаПартнеров</Name>
			<Comment/>
			<ExtendedConfigurationObject>877a04b6-4c0b-4715-b826-6ac77909e040</ExtendedConfigurationObject>
		</Properties>
		<ChildObjects/>
	</Catalog>
</MetaDataObject>