﻿<?xml version="1.0" encoding="UTF-8"?>
<MetaDataObject xmlns="http://v8.1c.ru/8.3/MDClasses" xmlns:app="http://v8.1c.ru/8.2/managed-application/core" xmlns:cfg="http://v8.1c.ru/8.1/data/enterprise/current-config" xmlns:cmi="http://v8.1c.ru/8.2/managed-application/cmi" xmlns:ent="http://v8.1c.ru/8.1/data/enterprise" xmlns:lf="http://v8.1c.ru/8.2/managed-application/logform" xmlns:style="http://v8.1c.ru/8.1/data/ui/style" xmlns:sys="http://v8.1c.ru/8.1/data/ui/fonts/system" xmlns:v8="http://v8.1c.ru/8.1/data/core" xmlns:v8ui="http://v8.1c.ru/8.1/data/ui" xmlns:web="http://v8.1c.ru/8.1/data/ui/colors/web" xmlns:win="http://v8.1c.ru/8.1/data/ui/colors/windows" xmlns:xen="http://v8.1c.ru/8.3/xcf/enums" xmlns:xpr="http://v8.1c.ru/8.3/xcf/predef" xmlns:xr="http://v8.1c.ru/8.3/xcf/readable" xmlns:xs="http://www.w3.org/2001/XMLSchema" xmlns:xsi="http://www.w3.org/2001/XMLSchema-instance" version="2.18">
	<Catalog uuid="7eec6276-c709-4818-b118-82f52c6843e3">
		<InternalInfo>
			<xr:GeneratedType name="CatalogObject.Контрагенты" category="Object">
				<xr:TypeId>a48825e5-381f-4f47-aae4-e3a74204e60e</xr:TypeId>
				<xr:ValueId>bc40fcc3-7645-4eaa-afa6-82e754fa5e27</xr:ValueId>
			</xr:GeneratedType>
			<xr:GeneratedType name="CatalogRef.Контрагенты" category="Ref">
				<xr:TypeId>c7812b32-8740-477b-876a-d0c4076b60fc</xr:TypeId>
				<xr:ValueId>bb43cf25-ca22-4057-b5d8-e9c97b6f19c6</xr:ValueId>
			</xr:GeneratedType>
			<xr:GeneratedType name="CatalogSelection.Контрагенты" category="Selection">
				<xr:TypeId>9d332c00-90ee-47e3-a52d-df35ffd84d83</xr:TypeId>
				<xr:ValueId>32b3ae57-d0b7-435b-aa55-423a450119b0</xr:ValueId>
			</xr:GeneratedType>
			<xr:GeneratedType name="CatalogList.Контрагенты" category="List">
				<xr:TypeId>740846b7-574f-4265-9d60-66114369f4ce</xr:TypeId>
				<xr:ValueId>a80ae52f-f6fd-4aa7-aafd-70c575193eca</xr:ValueId>
			</xr:GeneratedType>
			<xr:GeneratedType name="CatalogManager.Контрагенты" category="Manager">
				<xr:TypeId>56cdb10c-0f35-46ca-8dc1-11c8b2736d6a</xr:TypeId>
				<xr:ValueId>fa081799-aedf-4753-9a9c-1deb80af8b5f</xr:ValueId>
			</xr:GeneratedType>
		</InternalInfo>
		<Properties>
			<ObjectBelonging>Adopted</ObjectBelonging>
			<Name>Контрагенты</Name>
			<Comment/>
			<ExtendedConfigurationObject>4259c461-12b1-4f3e-8283-5927c75afdb6</ExtendedConfigurationObject>
		</Properties>
		<ChildObjects/>
	</Catalog>
</MetaDataObject>