﻿<?xml version="1.0" encoding="UTF-8"?>
<MetaDataObject xmlns="http://v8.1c.ru/8.3/MDClasses" xmlns:app="http://v8.1c.ru/8.2/managed-application/core" xmlns:cfg="http://v8.1c.ru/8.1/data/enterprise/current-config" xmlns:cmi="http://v8.1c.ru/8.2/managed-application/cmi" xmlns:ent="http://v8.1c.ru/8.1/data/enterprise" xmlns:lf="http://v8.1c.ru/8.2/managed-application/logform" xmlns:style="http://v8.1c.ru/8.1/data/ui/style" xmlns:sys="http://v8.1c.ru/8.1/data/ui/fonts/system" xmlns:v8="http://v8.1c.ru/8.1/data/core" xmlns:v8ui="http://v8.1c.ru/8.1/data/ui" xmlns:web="http://v8.1c.ru/8.1/data/ui/colors/web" xmlns:win="http://v8.1c.ru/8.1/data/ui/colors/windows" xmlns:xen="http://v8.1c.ru/8.3/xcf/enums" xmlns:xpr="http://v8.1c.ru/8.3/xcf/predef" xmlns:xr="http://v8.1c.ru/8.3/xcf/readable" xmlns:xs="http://www.w3.org/2001/XMLSchema" xmlns:xsi="http://www.w3.org/2001/XMLSchema-instance" version="2.18">
	<Catalog uuid="35ccfc3f-42b8-4c09-9855-442b5c8badff">
		<InternalInfo>
			<xr:GeneratedType name="CatalogObject.Назначения" category="Object">
				<xr:TypeId>2b1ac9c9-30d4-4177-a249-8b929367c9c4</xr:TypeId>
				<xr:ValueId>edbb615b-f00e-4b93-872b-698938202513</xr:ValueId>
			</xr:GeneratedType>
			<xr:GeneratedType name="CatalogRef.Назначения" category="Ref">
				<xr:TypeId>22021b76-7fd2-4777-b854-dda852c19ce4</xr:TypeId>
				<xr:ValueId>55cd5a05-52a2-4b96-ac83-cc0f337d516e</xr:ValueId>
			</xr:GeneratedType>
			<xr:GeneratedType name="CatalogSelection.Назначения" category="Selection">
				<xr:TypeId>76bbdb4b-b9ce-4026-ad76-cb3a0a6ea4ec</xr:TypeId>
				<xr:ValueId>f923697d-3d6b-4fe7-9da2-7763ecfc982b</xr:ValueId>
			</xr:GeneratedType>
			<xr:GeneratedType name="CatalogList.Назначения" category="List">
				<xr:TypeId>a32ed9a9-610a-4bc6-96f9-efe2a3451ec4</xr:TypeId>
				<xr:ValueId>b159f643-eddf-427c-95c3-f4643f170f4a</xr:ValueId>
			</xr:GeneratedType>
			<xr:GeneratedType name="CatalogManager.Назначения" category="Manager">
				<xr:TypeId>33684be0-b63c-465d-b259-86b61dc1e5ae</xr:TypeId>
				<xr:ValueId>dccbf044-9d40-4756-9b5a-6ea2c813f1c5</xr:ValueId>
			</xr:GeneratedType>
		</InternalInfo>
		<Properties>
			<ObjectBelonging>Adopted</ObjectBelonging>
			<Name>Назначения</Name>
			<Comment/>
			<ExtendedConfigurationObject>b861d222-a111-47b8-b5f4-45982f11877c</ExtendedConfigurationObject>
		</Properties>
		<ChildObjects>
			<Attribute uuid="5a4d50fb-353d-4c23-8ed3-6dd22ef6b849">
				<InternalInfo/>
				<Properties>
					<ObjectBelonging>Adopted</ObjectBelonging>
					<Name>Заказ</Name>
					<Synonym>
						<v8:item>
							<v8:lang>ru</v8:lang>
							<v8:content>Заказ</v8:content>
						</v8:item>
					</Synonym>
					<Comment/>
					<ExtendedConfigurationObject>4b39ceb3-3dc0-4808-baa8-e28e53b7ec36</ExtendedConfigurationObject>
					<Type>
						<v8:TypeSet>cfg:AnyIBRef</v8:TypeSet>
					</Type>
				</Properties>
			</Attribute>
		</ChildObjects>
	</Catalog>
</MetaDataObject>