﻿<?xml version="1.0" encoding="UTF-8"?>
<MetaDataObject xmlns="http://v8.1c.ru/8.3/MDClasses" xmlns:app="http://v8.1c.ru/8.2/managed-application/core" xmlns:cfg="http://v8.1c.ru/8.1/data/enterprise/current-config" xmlns:cmi="http://v8.1c.ru/8.2/managed-application/cmi" xmlns:ent="http://v8.1c.ru/8.1/data/enterprise" xmlns:lf="http://v8.1c.ru/8.2/managed-application/logform" xmlns:style="http://v8.1c.ru/8.1/data/ui/style" xmlns:sys="http://v8.1c.ru/8.1/data/ui/fonts/system" xmlns:v8="http://v8.1c.ru/8.1/data/core" xmlns:v8ui="http://v8.1c.ru/8.1/data/ui" xmlns:web="http://v8.1c.ru/8.1/data/ui/colors/web" xmlns:win="http://v8.1c.ru/8.1/data/ui/colors/windows" xmlns:xen="http://v8.1c.ru/8.3/xcf/enums" xmlns:xpr="http://v8.1c.ru/8.3/xcf/predef" xmlns:xr="http://v8.1c.ru/8.3/xcf/readable" xmlns:xs="http://www.w3.org/2001/XMLSchema" xmlns:xsi="http://www.w3.org/2001/XMLSchema-instance" version="2.18">
	<Catalog uuid="37611b9e-232f-4077-b9d9-2e91b9a144a2">
		<InternalInfo>
			<xr:GeneratedType name="CatalogObject.Организации" category="Object">
				<xr:TypeId>47761c15-29c6-4720-9159-7e6b9b0941da</xr:TypeId>
				<xr:ValueId>8f8fa1b6-eb68-478f-b7a7-75c1b0d8e9bc</xr:ValueId>
			</xr:GeneratedType>
			<xr:GeneratedType name="CatalogRef.Организации" category="Ref">
				<xr:TypeId>d2e964f9-5c3e-4989-a9ba-fe4107fcc674</xr:TypeId>
				<xr:ValueId>c869c8f4-71ed-476a-acb4-707ee2d36992</xr:ValueId>
			</xr:GeneratedType>
			<xr:GeneratedType name="CatalogSelection.Организации" category="Selection">
				<xr:TypeId>cec2cb59-fd53-46e4-b91b-7d904ee90748</xr:TypeId>
				<xr:ValueId>2da79d65-1b98-404a-9700-1498bd05716a</xr:ValueId>
			</xr:GeneratedType>
			<xr:GeneratedType name="CatalogList.Организации" category="List">
				<xr:TypeId>1622d0a1-4c72-42a9-adf9-488223ce5c8b</xr:TypeId>
				<xr:ValueId>ba27363f-0b13-4124-8395-6032bfb168bc</xr:ValueId>
			</xr:GeneratedType>
			<xr:GeneratedType name="CatalogManager.Организации" category="Manager">
				<xr:TypeId>e42bb3a4-bdd5-4a58-b814-06e6ba60753e</xr:TypeId>
				<xr:ValueId>c4714a7d-48e3-45aa-be93-87781d7e0083</xr:ValueId>
			</xr:GeneratedType>
		</InternalInfo>
		<Properties>
			<ObjectBelonging>Adopted</ObjectBelonging>
			<Name>Организации</Name>
			<Comment/>
			<ExtendedConfigurationObject>35a6d3c8-3832-419f-81ef-fc7c113af6a4</ExtendedConfigurationObject>
		</Properties>
		<ChildObjects/>
	</Catalog>
</MetaDataObject>