﻿<?xml version="1.0" encoding="UTF-8"?>
<MetaDataObject xmlns="http://v8.1c.ru/8.3/MDClasses" xmlns:app="http://v8.1c.ru/8.2/managed-application/core" xmlns:cfg="http://v8.1c.ru/8.1/data/enterprise/current-config" xmlns:cmi="http://v8.1c.ru/8.2/managed-application/cmi" xmlns:ent="http://v8.1c.ru/8.1/data/enterprise" xmlns:lf="http://v8.1c.ru/8.2/managed-application/logform" xmlns:style="http://v8.1c.ru/8.1/data/ui/style" xmlns:sys="http://v8.1c.ru/8.1/data/ui/fonts/system" xmlns:v8="http://v8.1c.ru/8.1/data/core" xmlns:v8ui="http://v8.1c.ru/8.1/data/ui" xmlns:web="http://v8.1c.ru/8.1/data/ui/colors/web" xmlns:win="http://v8.1c.ru/8.1/data/ui/colors/windows" xmlns:xen="http://v8.1c.ru/8.3/xcf/enums" xmlns:xpr="http://v8.1c.ru/8.3/xcf/predef" xmlns:xr="http://v8.1c.ru/8.3/xcf/readable" xmlns:xs="http://www.w3.org/2001/XMLSchema" xmlns:xsi="http://www.w3.org/2001/XMLSchema-instance" version="2.18">
	<Catalog uuid="cfa332c1-5587-4fde-9081-4f14c07d8ece">
		<InternalInfo>
			<xr:GeneratedType name="CatalogObject.ОтветственныеЛицаОрганизаций" category="Object">
				<xr:TypeId>735059d9-5eb0-4e17-9586-37a796aa0a0d</xr:TypeId>
				<xr:ValueId>da92f14c-8fd1-4bef-b793-43ab3919f86b</xr:ValueId>
			</xr:GeneratedType>
			<xr:GeneratedType name="CatalogRef.ОтветственныеЛицаОрганизаций" category="Ref">
				<xr:TypeId>4fc6325d-32b2-4b81-94bb-18ee606989ab</xr:TypeId>
				<xr:ValueId>429bbc6b-bf79-4a83-8601-9dc968752353</xr:ValueId>
			</xr:GeneratedType>
			<xr:GeneratedType name="CatalogSelection.ОтветственныеЛицаОрганизаций" category="Selection">
				<xr:TypeId>c8df4917-c4dc-4c5e-a70e-a7bf9a8accc7</xr:TypeId>
				<xr:ValueId>eaed135f-1a6c-4c66-b4e3-d660cc3d5fdb</xr:ValueId>
			</xr:GeneratedType>
			<xr:GeneratedType name="CatalogList.ОтветственныеЛицаОрганизаций" category="List">
				<xr:TypeId>f1fc88ac-11b1-4dce-a086-b3fc30921b94</xr:TypeId>
				<xr:ValueId>146c8619-492b-4982-bdf5-9d803a890f00</xr:ValueId>
			</xr:GeneratedType>
			<xr:GeneratedType name="CatalogManager.ОтветственныеЛицаОрганизаций" category="Manager">
				<xr:TypeId>fda1401b-9a45-48df-b107-bd4d8269f9e4</xr:TypeId>
				<xr:ValueId>5f03d629-099e-4aea-b1df-f229c450d915</xr:ValueId>
			</xr:GeneratedType>
		</InternalInfo>
		<Properties>
			<ObjectBelonging>Adopted</ObjectBelonging>
			<Name>ОтветственныеЛицаОрганизаций</Name>
			<Comment/>
			<ExtendedConfigurationObject>cf617326-1803-4a30-b003-2fea7f38073a</ExtendedConfigurationObject>
		</Properties>
		<ChildObjects/>
	</Catalog>
</MetaDataObject>