﻿<?xml version="1.0" encoding="UTF-8"?>
<MetaDataObject xmlns="http://v8.1c.ru/8.3/MDClasses" xmlns:app="http://v8.1c.ru/8.2/managed-application/core" xmlns:cfg="http://v8.1c.ru/8.1/data/enterprise/current-config" xmlns:cmi="http://v8.1c.ru/8.2/managed-application/cmi" xmlns:ent="http://v8.1c.ru/8.1/data/enterprise" xmlns:lf="http://v8.1c.ru/8.2/managed-application/logform" xmlns:style="http://v8.1c.ru/8.1/data/ui/style" xmlns:sys="http://v8.1c.ru/8.1/data/ui/fonts/system" xmlns:v8="http://v8.1c.ru/8.1/data/core" xmlns:v8ui="http://v8.1c.ru/8.1/data/ui" xmlns:web="http://v8.1c.ru/8.1/data/ui/colors/web" xmlns:win="http://v8.1c.ru/8.1/data/ui/colors/windows" xmlns:xen="http://v8.1c.ru/8.3/xcf/enums" xmlns:xpr="http://v8.1c.ru/8.3/xcf/predef" xmlns:xr="http://v8.1c.ru/8.3/xcf/readable" xmlns:xs="http://www.w3.org/2001/XMLSchema" xmlns:xsi="http://www.w3.org/2001/XMLSchema-instance" version="2.18">
	<Catalog uuid="d9fa07c2-0bdc-48c1-8ff9-9e68e0bd906b">
		<InternalInfo>
			<xr:GeneratedType name="CatalogObject.Партнеры" category="Object">
				<xr:TypeId>671cf321-3b7c-4b5f-a03f-ad20bfc0cc06</xr:TypeId>
				<xr:ValueId>d1480264-59ca-4432-be21-9efb21f98640</xr:ValueId>
			</xr:GeneratedType>
			<xr:GeneratedType name="CatalogRef.Партнеры" category="Ref">
				<xr:TypeId>ef217105-2fc3-47fb-b951-a92b93c08892</xr:TypeId>
				<xr:ValueId>4f2a3910-2a1c-4ee2-b798-5f631e69cb05</xr:ValueId>
			</xr:GeneratedType>
			<xr:GeneratedType name="CatalogSelection.Партнеры" category="Selection">
				<xr:TypeId>e51ae5a0-d026-4884-8c71-ff16694e98ac</xr:TypeId>
				<xr:ValueId>783ca858-700d-4ba2-a753-0df172eb076d</xr:ValueId>
			</xr:GeneratedType>
			<xr:GeneratedType name="CatalogList.Партнеры" category="List">
				<xr:TypeId>ffc6857d-4122-4f39-b7c0-bf17e56eaec4</xr:TypeId>
				<xr:ValueId>bcdc8e57-368f-4e16-a6a3-f984e3ebb68c</xr:ValueId>
			</xr:GeneratedType>
			<xr:GeneratedType name="CatalogManager.Партнеры" category="Manager">
				<xr:TypeId>9066aef7-0b68-46da-bc6f-0abb3c0b9d26</xr:TypeId>
				<xr:ValueId>0398f7cf-ad74-438b-91f2-32507e3b803c</xr:ValueId>
			</xr:GeneratedType>
		</InternalInfo>
		<Properties>
			<ObjectBelonging>Adopted</ObjectBelonging>
			<Name>Партнеры</Name>
			<Comment/>
			<ExtendedConfigurationObject>bf75bcc5-82ee-4bd0-89e1-420b42c99454</ExtendedConfigurationObject>
		</Properties>
		<ChildObjects>
			<Attribute uuid="81c4dfa7-0c28-4c56-b8fb-bd0f49003b17">
				<InternalInfo/>
				<Properties>
					<ObjectBelonging>Adopted</ObjectBelonging>
					<Name>ГруппаДоступа</Name>
					<Comment/>
					<ExtendedConfigurationObject>b89dd990-749c-47c1-b47b-6bfb305026cc</ExtendedConfigurationObject>
					<Type>
						<v8:Type>cfg:CatalogRef.ГруппыДоступаПартнеров</v8:Type>
					</Type>
				</Properties>
			</Attribute>
			<Attribute uuid="b9453806-65a5-4c3a-8c8f-4f467a8c5fab">
				<InternalInfo/>
				<Properties>
					<ObjectBelonging>Adopted</ObjectBelonging>
					<Name>ДатаРегистрации</Name>
					<Comment/>
					<ExtendedConfigurationObject>1ccf79bb-a7d7-4c19-80ad-eb0164f60ec4</ExtendedConfigurationObject>
					<Type>
						<v8:Type>xs:dateTime</v8:Type>
						<v8:DateQualifiers>
							<v8:DateFractions>Date</v8:DateFractions>
						</v8:DateQualifiers>
					</Type>
				</Properties>
			</Attribute>
			<Attribute uuid="6afc0883-5455-4a9c-bb1e-2eeb2eda2142">
				<InternalInfo/>
				<Properties>
					<ObjectBelonging>Adopted</ObjectBelonging>
					<Name>Клиент</Name>
					<Comment/>
					<ExtendedConfigurationObject>2e4e19e3-f318-469a-8bd1-9678b54892a1</ExtendedConfigurationObject>
					<Type>
						<v8:Type>xs:boolean</v8:Type>
					</Type>
				</Properties>
			</Attribute>
			<Attribute uuid="80bcb598-99f7-4daa-b350-97a5546ef102">
				<InternalInfo/>
				<Properties>
					<ObjectBelonging>Adopted</ObjectBelonging>
					<Name>Комментарий</Name>
					<Comment/>
					<ExtendedConfigurationObject>e2a0fa6b-78ae-4dd9-b6c4-06c9ae9cf28f</ExtendedConfigurationObject>
					<Type>
						<v8:Type>xs:string</v8:Type>
						<v8:StringQualifiers>
							<v8:Length>0</v8:Length>
							<v8:AllowedLength>Variable</v8:AllowedLength>
						</v8:StringQualifiers>
					</Type>
				</Properties>
			</Attribute>
			<Attribute uuid="5aab759f-76bb-49e4-a0eb-1188b0857580">
				<InternalInfo/>
				<Properties>
					<ObjectBelonging>Adopted</ObjectBelonging>
					<Name>Поставщик</Name>
					<Comment/>
					<ExtendedConfigurationObject>0bc19715-bd85-4a2a-a978-9d1f5f4ca433</ExtendedConfigurationObject>
					<Type>
						<v8:Type>xs:boolean</v8:Type>
					</Type>
				</Properties>
			</Attribute>
			<Attribute uuid="1386e106-0bc6-4baf-a76f-f20064e4e087">
				<InternalInfo/>
				<Properties>
					<ObjectBelonging>Adopted</ObjectBelonging>
					<Name>НаименованиеПолное</Name>
					<Comment/>
					<ExtendedConfigurationObject>39fd6f5e-b33c-449b-a232-ce54d30e9226</ExtendedConfigurationObject>
					<Type>
						<v8:Type>xs:string</v8:Type>
						<v8:StringQualifiers>
							<v8:Length>250</v8:Length>
							<v8:AllowedLength>Variable</v8:AllowedLength>
						</v8:StringQualifiers>
					</Type>
				</Properties>
			</Attribute>
			<Attribute uuid="7c7648b3-fa4b-4262-bbfd-1160a8f5de53">
				<InternalInfo/>
				<Properties>
					<ObjectBelonging>Adopted</ObjectBelonging>
					<Name>ОсновнойМенеджер</Name>
					<Comment/>
					<ExtendedConfigurationObject>6934c1c6-ad33-4301-b7a7-24c669207013</ExtendedConfigurationObject>
					<Type>
						<v8:Type>cfg:CatalogRef.Пользователи</v8:Type>
					</Type>
				</Properties>
			</Attribute>
			<Attribute uuid="ea5b1e9a-4e83-4271-81eb-ee6153eab2ec">
				<InternalInfo/>
				<Properties>
					<ObjectBelonging>Adopted</ObjectBelonging>
					<Name>Конкурент</Name>
					<Comment/>
					<ExtendedConfigurationObject>4f7c1204-9add-4378-a8fd-1b5660f4b41c</ExtendedConfigurationObject>
					<Type>
						<v8:Type>xs:boolean</v8:Type>
					</Type>
				</Properties>
			</Attribute>
			<Attribute uuid="bae9db6f-1f73-4d61-98f8-4b76a785ba3a">
				<InternalInfo/>
				<Properties>
					<ObjectBelonging>Adopted</ObjectBelonging>
					<Name>ПрочиеОтношения</Name>
					<Comment/>
					<ExtendedConfigurationObject>3f087e87-8483-43c5-9111-4da46485b329</ExtendedConfigurationObject>
					<Type>
						<v8:Type>xs:boolean</v8:Type>
					</Type>
				</Properties>
			</Attribute>
			<Attribute uuid="1c708f60-bd46-4b0f-847d-629b95a3368c">
				<InternalInfo/>
				<Properties>
					<ObjectBelonging>Adopted</ObjectBelonging>
					<Name>ОбслуживаетсяТорговымиПредставителями</Name>
					<Comment/>
					<ExtendedConfigurationObject>4c2fd28b-f481-46c0-947c-de5678b60a49</ExtendedConfigurationObject>
					<Type>
						<v8:Type>xs:boolean</v8:Type>
					</Type>
				</Properties>
			</Attribute>
			<Attribute uuid="d3b1d81c-0154-4b1b-b9c6-75086ebe4d9c">
				<InternalInfo/>
				<Properties>
					<ObjectBelonging>Adopted</ObjectBelonging>
					<Name>ДополнительнаяИнформация</Name>
					<Comment/>
					<ExtendedConfigurationObject>180d58cf-821b-4bd1-b7c5-c5987430c9e6</ExtendedConfigurationObject>
					<Type>
						<v8:Type>xs:string</v8:Type>
						<v8:StringQualifiers>
							<v8:Length>0</v8:Length>
							<v8:AllowedLength>Variable</v8:AllowedLength>
						</v8:StringQualifiers>
					</Type>
				</Properties>
			</Attribute>
			<Attribute uuid="16ab5cec-2f18-4ddc-b666-a1bf7f783b92">
				<InternalInfo/>
				<Properties>
					<ObjectBelonging>Adopted</ObjectBelonging>
					<Name>Перевозчик</Name>
					<Comment/>
					<ExtendedConfigurationObject>b0ad52da-9947-47a8-a68b-11851a131b26</ExtendedConfigurationObject>
					<Type>
						<v8:Type>xs:boolean</v8:Type>
					</Type>
				</Properties>
			</Attribute>
			<Attribute uuid="f0f7f4ab-826d-4730-9b27-f0454aa235f3">
				<InternalInfo/>
				<Properties>
					<ObjectBelonging>Adopted</ObjectBelonging>
					<Name>ШаблонЭтикетки</Name>
					<Comment/>
					<ExtendedConfigurationObject>da2b726f-ca42-4800-a7aa-b6b1730605dd</ExtendedConfigurationObject>
					<Type>
						<v8:Type>cfg:CatalogRef.ШаблоныЭтикетокИЦенников</v8:Type>
					</Type>
				</Properties>
			</Attribute>
			<Attribute uuid="b6ce3e7f-5489-4e62-96d3-d898b302cc3c">
				<InternalInfo/>
				<Properties>
					<ObjectBelonging>Adopted</ObjectBelonging>
					<Name>ЮрФизЛицо</Name>
					<Comment/>
					<ExtendedConfigurationObject>d3e6f413-7dd9-4368-a09f-533e03e04f62</ExtendedConfigurationObject>
					<Type>
						<v8:Type>cfg:EnumRef.КомпанияЧастноеЛицо</v8:Type>
					</Type>
				</Properties>
			</Attribute>
			<Attribute uuid="54b40455-5ee4-433d-bd0d-2e3e4b19db8d">
				<InternalInfo/>
				<Properties>
					<ObjectBelonging>Adopted</ObjectBelonging>
					<Name>Пол</Name>
					<Comment/>
					<ExtendedConfigurationObject>4f2b4a8d-617d-4e3e-aef8-e41fb3279e0a</ExtendedConfigurationObject>
					<Type>
						<v8:Type>cfg:EnumRef.ПолФизическогоЛица</v8:Type>
					</Type>
				</Properties>
			</Attribute>
			<Attribute uuid="cabee923-fb28-4c80-8af1-ede6cc94d30d">
				<InternalInfo/>
				<Properties>
					<ObjectBelonging>Adopted</ObjectBelonging>
					<Name>ДатаРождения</Name>
					<Comment/>
					<ExtendedConfigurationObject>c7ea8ef0-0b93-43d1-a069-5960fcb7104e</ExtendedConfigurationObject>
					<Type>
						<v8:Type>xs:dateTime</v8:Type>
						<v8:DateQualifiers>
							<v8:DateFractions>Date</v8:DateFractions>
						</v8:DateQualifiers>
					</Type>
				</Properties>
			</Attribute>
			<Attribute uuid="45709b1e-fa24-4991-af4f-e64799b4bdef">
				<InternalInfo/>
				<Properties>
					<ObjectBelonging>Adopted</ObjectBelonging>
					<Name>НазначениеПереработчика</Name>
					<Comment/>
					<ExtendedConfigurationObject>694c72fb-6bed-4dfb-a21c-fe5c06aff404</ExtendedConfigurationObject>
					<Type>
						<v8:Type>cfg:CatalogRef.Назначения</v8:Type>
					</Type>
				</Properties>
			</Attribute>
			<Attribute uuid="2edf6935-d2c4-4287-add1-a77d52d309e7">
				<InternalInfo/>
				<Properties>
					<ObjectBelonging>Adopted</ObjectBelonging>
					<Name>ВариантОтправкиЭлектронногоЧека</Name>
					<Comment/>
					<ExtendedConfigurationObject>5cea7e64-74c0-4f6b-ac26-39632f377044</ExtendedConfigurationObject>
					<Type>
						<v8:Type>cfg:EnumRef.ВариантыОтправкиЭлектронногоЧекаПокупателю</v8:Type>
					</Type>
				</Properties>
			</Attribute>
			<Attribute uuid="00f5cf11-f01a-4da5-91e5-980d4ccf060e">
				<InternalInfo/>
				<Properties>
					<ObjectBelonging>Adopted</ObjectBelonging>
					<Name>ЗонаДоставки</Name>
					<Comment/>
					<ExtendedConfigurationObject>2420efea-cafc-4d98-8dad-a14d7e4c443d</ExtendedConfigurationObject>
					<Type>
						<v8:Type>cfg:CatalogRef.ЗоныДоставки</v8:Type>
					</Type>
				</Properties>
			</Attribute>
			<Attribute uuid="20f958d2-17a5-49f4-82d6-be38061b43a9">
				<InternalInfo/>
				<Properties>
					<ObjectBelonging>Adopted</ObjectBelonging>
					<Name>ВидЦен</Name>
					<Comment/>
					<ExtendedConfigurationObject>6f1e7f04-dd0e-4f17-8e24-6d8b970d4131</ExtendedConfigurationObject>
					<Type>
						<v8:Type>cfg:CatalogRef.ВидыЦен</v8:Type>
					</Type>
				</Properties>
			</Attribute>
			<Attribute uuid="c0eaf108-86fb-42c6-8953-5085ad775073">
				<InternalInfo/>
				<Properties>
					<ObjectBelonging>Adopted</ObjectBelonging>
					<Name>ИндивидуальныйВидЦены</Name>
					<Comment/>
					<ExtendedConfigurationObject>7acd15ff-ddea-4c99-833f-4876af106860</ExtendedConfigurationObject>
					<Type>
						<v8:Type>cfg:CatalogRef.ВидыЦен</v8:Type>
					</Type>
				</Properties>
			</Attribute>
			<Attribute uuid="2c1cdd65-cad2-4561-8e26-851c973086a2">
				<InternalInfo/>
				<Properties>
					<ObjectBelonging>Adopted</ObjectBelonging>
					<Name>ТелеграмID</Name>
					<Comment/>
					<ExtendedConfigurationObject>43c411e2-0739-43e2-ae12-733c8ee372a3</ExtendedConfigurationObject>
					<Type>
						<v8:Type>xs:string</v8:Type>
						<v8:StringQualifiers>
							<v8:Length>20</v8:Length>
							<v8:AllowedLength>Variable</v8:AllowedLength>
						</v8:StringQualifiers>
					</Type>
				</Properties>
			</Attribute>
			<Form>ПомощникНового</Form>
		</ChildObjects>
	</Catalog>
</MetaDataObject>