﻿<?xml version="1.0" encoding="UTF-8"?>
<MetaDataObject xmlns="http://v8.1c.ru/8.3/MDClasses" xmlns:app="http://v8.1c.ru/8.2/managed-application/core" xmlns:cfg="http://v8.1c.ru/8.1/data/enterprise/current-config" xmlns:cmi="http://v8.1c.ru/8.2/managed-application/cmi" xmlns:ent="http://v8.1c.ru/8.1/data/enterprise" xmlns:lf="http://v8.1c.ru/8.2/managed-application/logform" xmlns:style="http://v8.1c.ru/8.1/data/ui/style" xmlns:sys="http://v8.1c.ru/8.1/data/ui/fonts/system" xmlns:v8="http://v8.1c.ru/8.1/data/core" xmlns:v8ui="http://v8.1c.ru/8.1/data/ui" xmlns:web="http://v8.1c.ru/8.1/data/ui/colors/web" xmlns:win="http://v8.1c.ru/8.1/data/ui/colors/windows" xmlns:xen="http://v8.1c.ru/8.3/xcf/enums" xmlns:xpr="http://v8.1c.ru/8.3/xcf/predef" xmlns:xr="http://v8.1c.ru/8.3/xcf/readable" xmlns:xs="http://www.w3.org/2001/XMLSchema" xmlns:xsi="http://www.w3.org/2001/XMLSchema-instance" version="2.18">
	<Catalog uuid="d84d9e53-ba9b-45b3-a9a6-43052a2c9900">
		<InternalInfo>
			<xr:GeneratedType name="CatalogObject.Пользователи" category="Object">
				<xr:TypeId>151c5e12-4ed1-4411-a9fe-4a68102b1115</xr:TypeId>
				<xr:ValueId>022584e7-2578-4063-bfe3-ab451ed93dd6</xr:ValueId>
			</xr:GeneratedType>
			<xr:GeneratedType name="CatalogRef.Пользователи" category="Ref">
				<xr:TypeId>a465ec41-08cb-48f8-be7d-8cb51f6b773f</xr:TypeId>
				<xr:ValueId>edbddc49-f318-49f9-875a-efd0bd099b46</xr:ValueId>
			</xr:GeneratedType>
			<xr:GeneratedType name="CatalogSelection.Пользователи" category="Selection">
				<xr:TypeId>b89229f5-ac56-42db-85e4-73d54f8e905e</xr:TypeId>
				<xr:ValueId>bb794918-6f30-4b4d-bec5-13de02cb3b10</xr:ValueId>
			</xr:GeneratedType>
			<xr:GeneratedType name="CatalogList.Пользователи" category="List">
				<xr:TypeId>e0685093-b494-4f19-8d45-9036e67d6844</xr:TypeId>
				<xr:ValueId>3f063af9-caad-4214-ada2-bedca0047724</xr:ValueId>
			</xr:GeneratedType>
			<xr:GeneratedType name="CatalogManager.Пользователи" category="Manager">
				<xr:TypeId>ccdf52aa-f468-46c7-9ec0-0ffa4f40baf5</xr:TypeId>
				<xr:ValueId>78542b92-40f7-46ee-b569-e465210d99f7</xr:ValueId>
			</xr:GeneratedType>
		</InternalInfo>
		<Properties>
			<ObjectBelonging>Adopted</ObjectBelonging>
			<Name>Пользователи</Name>
			<Comment/>
			<ExtendedConfigurationObject>cffbf533-11c6-4206-9b8b-f7355cb63fd8</ExtendedConfigurationObject>
		</Properties>
		<ChildObjects/>
	</Catalog>
</MetaDataObject>