﻿<?xml version="1.0" encoding="UTF-8"?>
<MetaDataObject xmlns="http://v8.1c.ru/8.3/MDClasses" xmlns:app="http://v8.1c.ru/8.2/managed-application/core" xmlns:cfg="http://v8.1c.ru/8.1/data/enterprise/current-config" xmlns:cmi="http://v8.1c.ru/8.2/managed-application/cmi" xmlns:ent="http://v8.1c.ru/8.1/data/enterprise" xmlns:lf="http://v8.1c.ru/8.2/managed-application/logform" xmlns:style="http://v8.1c.ru/8.1/data/ui/style" xmlns:sys="http://v8.1c.ru/8.1/data/ui/fonts/system" xmlns:v8="http://v8.1c.ru/8.1/data/core" xmlns:v8ui="http://v8.1c.ru/8.1/data/ui" xmlns:web="http://v8.1c.ru/8.1/data/ui/colors/web" xmlns:win="http://v8.1c.ru/8.1/data/ui/colors/windows" xmlns:xen="http://v8.1c.ru/8.3/xcf/enums" xmlns:xpr="http://v8.1c.ru/8.3/xcf/predef" xmlns:xr="http://v8.1c.ru/8.3/xcf/readable" xmlns:xs="http://www.w3.org/2001/XMLSchema" xmlns:xsi="http://www.w3.org/2001/XMLSchema-instance" version="2.18">
	<Catalog uuid="0f023c20-fcb2-4c6a-8b12-6b0fb8af6094">
		<InternalInfo>
			<xr:GeneratedType name="CatalogObject.СделкиСКлиентами" category="Object">
				<xr:TypeId>7de536a1-faca-44e2-8170-94b6680eb925</xr:TypeId>
				<xr:ValueId>7545f7ac-e3a0-4edc-9f93-c9e282506b58</xr:ValueId>
			</xr:GeneratedType>
			<xr:GeneratedType name="CatalogRef.СделкиСКлиентами" category="Ref">
				<xr:TypeId>2cbafd81-696c-4c8d-a4a9-a2dcba72d6a7</xr:TypeId>
				<xr:ValueId>4c86609f-c4b2-4c84-90df-20e732b79d6f</xr:ValueId>
			</xr:GeneratedType>
			<xr:GeneratedType name="CatalogSelection.СделкиСКлиентами" category="Selection">
				<xr:TypeId>d1883b95-d3db-4a1e-a71c-fabecdb435eb</xr:TypeId>
				<xr:ValueId>b111a39b-0b44-4cbe-90f4-28e69f4bce50</xr:ValueId>
			</xr:GeneratedType>
			<xr:GeneratedType name="CatalogList.СделкиСКлиентами" category="List">
				<xr:TypeId>422b5bd1-a93c-49ce-ad65-fdc041609868</xr:TypeId>
				<xr:ValueId>5eda6813-c73f-4dca-b298-ce1ebf9cd3ad</xr:ValueId>
			</xr:GeneratedType>
			<xr:GeneratedType name="CatalogManager.СделкиСКлиентами" category="Manager">
				<xr:TypeId>50b3b726-ba6b-435c-afe8-01f128b2e477</xr:TypeId>
				<xr:ValueId>3dbd5850-982e-44f1-83d0-458eb804e088</xr:ValueId>
			</xr:GeneratedType>
		</InternalInfo>
		<Properties>
			<ObjectBelonging>Adopted</ObjectBelonging>
			<Name>СделкиСКлиентами</Name>
			<Comment/>
			<ExtendedConfigurationObject>63609956-4879-40b2-a6fa-d031906ce6c0</ExtendedConfigurationObject>
		</Properties>
		<ChildObjects/>
	</Catalog>
</MetaDataObject>