﻿<?xml version="1.0" encoding="UTF-8"?>
<MetaDataObject xmlns="http://v8.1c.ru/8.3/MDClasses" xmlns:app="http://v8.1c.ru/8.2/managed-application/core" xmlns:cfg="http://v8.1c.ru/8.1/data/enterprise/current-config" xmlns:cmi="http://v8.1c.ru/8.2/managed-application/cmi" xmlns:ent="http://v8.1c.ru/8.1/data/enterprise" xmlns:lf="http://v8.1c.ru/8.2/managed-application/logform" xmlns:style="http://v8.1c.ru/8.1/data/ui/style" xmlns:sys="http://v8.1c.ru/8.1/data/ui/fonts/system" xmlns:v8="http://v8.1c.ru/8.1/data/core" xmlns:v8ui="http://v8.1c.ru/8.1/data/ui" xmlns:web="http://v8.1c.ru/8.1/data/ui/colors/web" xmlns:win="http://v8.1c.ru/8.1/data/ui/colors/windows" xmlns:xen="http://v8.1c.ru/8.3/xcf/enums" xmlns:xpr="http://v8.1c.ru/8.3/xcf/predef" xmlns:xr="http://v8.1c.ru/8.3/xcf/readable" xmlns:xs="http://www.w3.org/2001/XMLSchema" xmlns:xsi="http://www.w3.org/2001/XMLSchema-instance" version="2.18">
	<Catalog uuid="6ca952e4-8da7-45d5-b2af-cc352ecf041b">
		<InternalInfo>
			<xr:GeneratedType name="CatalogObject.Склады" category="Object">
				<xr:TypeId>2d0c549a-cb65-4265-a574-0bba671c7c7c</xr:TypeId>
				<xr:ValueId>027b3b19-0afd-4f85-8866-b4231229fbfe</xr:ValueId>
			</xr:GeneratedType>
			<xr:GeneratedType name="CatalogRef.Склады" category="Ref">
				<xr:TypeId>74631bc8-7447-4ce4-b324-e96311b0604c</xr:TypeId>
				<xr:ValueId>be9f3ce5-b876-41d0-b6f2-db03aba1a9dc</xr:ValueId>
			</xr:GeneratedType>
			<xr:GeneratedType name="CatalogSelection.Склады" category="Selection">
				<xr:TypeId>ffdbe0db-b923-4815-8462-259dd089745d</xr:TypeId>
				<xr:ValueId>800a2001-4d58-49e6-aae1-56b2e24f1013</xr:ValueId>
			</xr:GeneratedType>
			<xr:GeneratedType name="CatalogList.Склады" category="List">
				<xr:TypeId>f57c3bc9-6959-414e-98e8-d18ca93bc60e</xr:TypeId>
				<xr:ValueId>7e3b5cf0-6686-4d2a-91a7-65adeeeecf2e</xr:ValueId>
			</xr:GeneratedType>
			<xr:GeneratedType name="CatalogManager.Склады" category="Manager">
				<xr:TypeId>95829bc0-1a3d-4226-ba49-9c55333df2b1</xr:TypeId>
				<xr:ValueId>057e420c-77f4-4790-97db-dc20c51732df</xr:ValueId>
			</xr:GeneratedType>
		</InternalInfo>
		<Properties>
			<ObjectBelonging>Adopted</ObjectBelonging>
			<Name>Склады</Name>
			<Comment/>
			<ExtendedConfigurationObject>07b3c407-9a3a-4f94-b798-226c96d66840</ExtendedConfigurationObject>
		</Properties>
		<ChildObjects/>
	</Catalog>
</MetaDataObject>