﻿<?xml version="1.0" encoding="UTF-8"?>
<MetaDataObject xmlns="http://v8.1c.ru/8.3/MDClasses" xmlns:app="http://v8.1c.ru/8.2/managed-application/core" xmlns:cfg="http://v8.1c.ru/8.1/data/enterprise/current-config" xmlns:cmi="http://v8.1c.ru/8.2/managed-application/cmi" xmlns:ent="http://v8.1c.ru/8.1/data/enterprise" xmlns:lf="http://v8.1c.ru/8.2/managed-application/logform" xmlns:style="http://v8.1c.ru/8.1/data/ui/style" xmlns:sys="http://v8.1c.ru/8.1/data/ui/fonts/system" xmlns:v8="http://v8.1c.ru/8.1/data/core" xmlns:v8ui="http://v8.1c.ru/8.1/data/ui" xmlns:web="http://v8.1c.ru/8.1/data/ui/colors/web" xmlns:win="http://v8.1c.ru/8.1/data/ui/colors/windows" xmlns:xen="http://v8.1c.ru/8.3/xcf/enums" xmlns:xpr="http://v8.1c.ru/8.3/xcf/predef" xmlns:xr="http://v8.1c.ru/8.3/xcf/readable" xmlns:xs="http://www.w3.org/2001/XMLSchema" xmlns:xsi="http://www.w3.org/2001/XMLSchema-instance" version="2.18">
	<Catalog uuid="374ffdf1-840b-4778-b9d3-02aa6d8e7a76">
		<InternalInfo>
			<xr:GeneratedType name="CatalogObject.СоглашенияСКлиентами" category="Object">
				<xr:TypeId>def8b150-50ec-4e49-bd88-66d1b07245a3</xr:TypeId>
				<xr:ValueId>2f376cd2-063d-498e-bd2d-739b45dd6cce</xr:ValueId>
			</xr:GeneratedType>
			<xr:GeneratedType name="CatalogRef.СоглашенияСКлиентами" category="Ref">
				<xr:TypeId>190f558a-93eb-42c3-9e13-34c5e134b9d6</xr:TypeId>
				<xr:ValueId>fa80a017-ce7d-4071-914d-1d0cc4190773</xr:ValueId>
			</xr:GeneratedType>
			<xr:GeneratedType name="CatalogSelection.СоглашенияСКлиентами" category="Selection">
				<xr:TypeId>ac517b98-f401-4afd-bd2e-9f0840f2c61d</xr:TypeId>
				<xr:ValueId>f35b2bc8-d600-40f1-aa41-1e966d05b326</xr:ValueId>
			</xr:GeneratedType>
			<xr:GeneratedType name="CatalogList.СоглашенияСКлиентами" category="List">
				<xr:TypeId>5e7e0e67-97be-444d-be1a-dbd92c0821ea</xr:TypeId>
				<xr:ValueId>a03812a5-a8f6-4900-8575-31a228505316</xr:ValueId>
			</xr:GeneratedType>
			<xr:GeneratedType name="CatalogManager.СоглашенияСКлиентами" category="Manager">
				<xr:TypeId>6d26f8a7-418b-4356-8c60-d6aec545ab37</xr:TypeId>
				<xr:ValueId>c9c1c46c-8223-4d55-b8f2-f50f1328ec07</xr:ValueId>
			</xr:GeneratedType>
		</InternalInfo>
		<Properties>
			<ObjectBelonging>Adopted</ObjectBelonging>
			<Name>СоглашенияСКлиентами</Name>
			<Comment/>
			<ExtendedConfigurationObject>2bb5c12e-1217-4c8d-ae01-3a6253cfe429</ExtendedConfigurationObject>
		</Properties>
		<ChildObjects/>
	</Catalog>
</MetaDataObject>