﻿<?xml version="1.0" encoding="UTF-8"?>
<MetaDataObject xmlns="http://v8.1c.ru/8.3/MDClasses" xmlns:app="http://v8.1c.ru/8.2/managed-application/core" xmlns:cfg="http://v8.1c.ru/8.1/data/enterprise/current-config" xmlns:cmi="http://v8.1c.ru/8.2/managed-application/cmi" xmlns:ent="http://v8.1c.ru/8.1/data/enterprise" xmlns:lf="http://v8.1c.ru/8.2/managed-application/logform" xmlns:style="http://v8.1c.ru/8.1/data/ui/style" xmlns:sys="http://v8.1c.ru/8.1/data/ui/fonts/system" xmlns:v8="http://v8.1c.ru/8.1/data/core" xmlns:v8ui="http://v8.1c.ru/8.1/data/ui" xmlns:web="http://v8.1c.ru/8.1/data/ui/colors/web" xmlns:win="http://v8.1c.ru/8.1/data/ui/colors/windows" xmlns:xen="http://v8.1c.ru/8.3/xcf/enums" xmlns:xpr="http://v8.1c.ru/8.3/xcf/predef" xmlns:xr="http://v8.1c.ru/8.3/xcf/readable" xmlns:xs="http://www.w3.org/2001/XMLSchema" xmlns:xsi="http://www.w3.org/2001/XMLSchema-instance" version="2.18">
	<Catalog uuid="03601138-a39e-43f0-b0be-2807702b376b">
		<InternalInfo>
			<xr:GeneratedType name="CatalogObject.ФизическиеЛица" category="Object">
				<xr:TypeId>eaaf8938-987f-44a0-972f-7d7af39c6621</xr:TypeId>
				<xr:ValueId>cae7243b-b1f2-4456-ae3e-96337364b491</xr:ValueId>
			</xr:GeneratedType>
			<xr:GeneratedType name="CatalogRef.ФизическиеЛица" category="Ref">
				<xr:TypeId>17b85536-2482-4e88-b9eb-9b625b9f540b</xr:TypeId>
				<xr:ValueId>29781a1c-75b9-4160-bb7b-0c82e6d8a009</xr:ValueId>
			</xr:GeneratedType>
			<xr:GeneratedType name="CatalogSelection.ФизическиеЛица" category="Selection">
				<xr:TypeId>688cc6f9-95e4-4687-8bfd-acaf11ce6dc1</xr:TypeId>
				<xr:ValueId>7ddb47f7-9572-45f0-b1f2-39c06764acf6</xr:ValueId>
			</xr:GeneratedType>
			<xr:GeneratedType name="CatalogList.ФизическиеЛица" category="List">
				<xr:TypeId>df4f8ae6-2b4c-404d-a569-88016ebe284f</xr:TypeId>
				<xr:ValueId>6843947a-d918-4bf6-afc6-de9dc4ad1da6</xr:ValueId>
			</xr:GeneratedType>
			<xr:GeneratedType name="CatalogManager.ФизическиеЛица" category="Manager">
				<xr:TypeId>47a83693-8518-486f-b80e-81dc78d36674</xr:TypeId>
				<xr:ValueId>e6bc2c7c-3bb8-4ee8-92b1-3e4bcdd4c561</xr:ValueId>
			</xr:GeneratedType>
		</InternalInfo>
		<Properties>
			<ObjectBelonging>Adopted</ObjectBelonging>
			<Name>ФизическиеЛица</Name>
			<Comment/>
			<ExtendedConfigurationObject>92d7cba0-7873-47d5-9b94-61cc91a45609</ExtendedConfigurationObject>
		</Properties>
		<ChildObjects/>
	</Catalog>
</MetaDataObject>