﻿<?xml version="1.0" encoding="UTF-8"?>
<MetaDataObject xmlns="http://v8.1c.ru/8.3/MDClasses" xmlns:app="http://v8.1c.ru/8.2/managed-application/core" xmlns:cfg="http://v8.1c.ru/8.1/data/enterprise/current-config" xmlns:cmi="http://v8.1c.ru/8.2/managed-application/cmi" xmlns:ent="http://v8.1c.ru/8.1/data/enterprise" xmlns:lf="http://v8.1c.ru/8.2/managed-application/logform" xmlns:style="http://v8.1c.ru/8.1/data/ui/style" xmlns:sys="http://v8.1c.ru/8.1/data/ui/fonts/system" xmlns:v8="http://v8.1c.ru/8.1/data/core" xmlns:v8ui="http://v8.1c.ru/8.1/data/ui" xmlns:web="http://v8.1c.ru/8.1/data/ui/colors/web" xmlns:win="http://v8.1c.ru/8.1/data/ui/colors/windows" xmlns:xen="http://v8.1c.ru/8.3/xcf/enums" xmlns:xpr="http://v8.1c.ru/8.3/xcf/predef" xmlns:xr="http://v8.1c.ru/8.3/xcf/readable" xmlns:xs="http://www.w3.org/2001/XMLSchema" xmlns:xsi="http://www.w3.org/2001/XMLSchema-instance" version="2.18">
	<Catalog uuid="6a906864-ce42-463c-8f89-9365d425f56b">
		<InternalInfo>
			<xr:GeneratedType name="CatalogObject.ШаблоныЭтикетокИЦенников" category="Object">
				<xr:TypeId>676043da-c169-4839-b2bc-baf976fc73c6</xr:TypeId>
				<xr:ValueId>e75c76ca-14fc-46bb-854d-60ea5d6df7e0</xr:ValueId>
			</xr:GeneratedType>
			<xr:GeneratedType name="CatalogRef.ШаблоныЭтикетокИЦенников" category="Ref">
				<xr:TypeId>ff6c8a0b-346a-4011-aafd-71ff4591a925</xr:TypeId>
				<xr:ValueId>d7323305-05ab-4b74-80d6-cba79b244dd2</xr:ValueId>
			</xr:GeneratedType>
			<xr:GeneratedType name="CatalogSelection.ШаблоныЭтикетокИЦенников" category="Selection">
				<xr:TypeId>165583e7-d5a7-4e2a-aa6a-f32d087f1a5f</xr:TypeId>
				<xr:ValueId>fc0e1444-1a1d-456e-8102-a637e71ea2c5</xr:ValueId>
			</xr:GeneratedType>
			<xr:GeneratedType name="CatalogList.ШаблоныЭтикетокИЦенников" category="List">
				<xr:TypeId>fd2c0921-d912-404f-9b83-1f5df4235e77</xr:TypeId>
				<xr:ValueId>46d3a407-5786-4421-b43e-0297626de828</xr:ValueId>
			</xr:GeneratedType>
			<xr:GeneratedType name="CatalogManager.ШаблоныЭтикетокИЦенников" category="Manager">
				<xr:TypeId>4f2b705f-e745-4484-a633-90b88c90362b</xr:TypeId>
				<xr:ValueId>bb63551f-97ae-43b3-b2c0-85423ccb76e4</xr:ValueId>
			</xr:GeneratedType>
		</InternalInfo>
		<Properties>
			<ObjectBelonging>Adopted</ObjectBelonging>
			<Name>ШаблоныЭтикетокИЦенников</Name>
			<Comment/>
			<ExtendedConfigurationObject>f6ecc26c-bdc7-4d8e-81ef-5bbffd7ce8cf</ExtendedConfigurationObject>
		</Properties>
		<ChildObjects/>
	</Catalog>
</MetaDataObject>