﻿<?xml version="1.0" encoding="UTF-8"?>
<MetaDataObject xmlns="http://v8.1c.ru/8.3/MDClasses" xmlns:app="http://v8.1c.ru/8.2/managed-application/core" xmlns:cfg="http://v8.1c.ru/8.1/data/enterprise/current-config" xmlns:cmi="http://v8.1c.ru/8.2/managed-application/cmi" xmlns:ent="http://v8.1c.ru/8.1/data/enterprise" xmlns:lf="http://v8.1c.ru/8.2/managed-application/logform" xmlns:style="http://v8.1c.ru/8.1/data/ui/style" xmlns:sys="http://v8.1c.ru/8.1/data/ui/fonts/system" xmlns:v8="http://v8.1c.ru/8.1/data/core" xmlns:v8ui="http://v8.1c.ru/8.1/data/ui" xmlns:web="http://v8.1c.ru/8.1/data/ui/colors/web" xmlns:win="http://v8.1c.ru/8.1/data/ui/colors/windows" xmlns:xen="http://v8.1c.ru/8.3/xcf/enums" xmlns:xpr="http://v8.1c.ru/8.3/xcf/predef" xmlns:xr="http://v8.1c.ru/8.3/xcf/readable" xmlns:xs="http://www.w3.org/2001/XMLSchema" xmlns:xsi="http://www.w3.org/2001/XMLSchema-instance" version="2.18">
	<Constant uuid="a731043d-6e0c-42ad-9137-029e350a33fd">
		<InternalInfo>
			<xr:GeneratedType name="ConstantManager.ИспользоватьРасширенныеВозможностиЗаказаКлиента" category="Manager">
				<xr:TypeId>7ba93342-e135-4f50-94e3-9ef3c5a95e46</xr:TypeId>
				<xr:ValueId>4c32f947-c2c9-4166-8db3-2dd1f9348ca4</xr:ValueId>
			</xr:GeneratedType>
			<xr:GeneratedType name="ConstantValueManager.ИспользоватьРасширенныеВозможностиЗаказаКлиента" category="ValueManager">
				<xr:TypeId>5803fc1a-7669-4ab8-9479-ea8751f14ae4</xr:TypeId>
				<xr:ValueId>c9ee5b31-37d6-48f6-ad80-c7333e72ac0d</xr:ValueId>
			</xr:GeneratedType>
			<xr:GeneratedType name="ConstantValueKey.ИспользоватьРасширенныеВозможностиЗаказаКлиента" category="ValueKey">
				<xr:TypeId>13cb315f-9d7a-4982-9d78-33ae25d75493</xr:TypeId>
				<xr:ValueId>5b2dcb01-61a4-4704-834a-71a27c60cec0</xr:ValueId>
			</xr:GeneratedType>
		</InternalInfo>
		<Properties>
			<ObjectBelonging>Adopted</ObjectBelonging>
			<Name>ИспользоватьРасширенныеВозможностиЗаказаКлиента</Name>
			<Comment/>
			<ExtendedConfigurationObject>48930c69-3df4-4731-b9c9-67d6bae1c4c8</ExtendedConfigurationObject>
			<Type>
				<v8:Type>xs:boolean</v8:Type>
			</Type>
		</Properties>
	</Constant>
</MetaDataObject>