﻿<?xml version="1.0" encoding="UTF-8"?>
<MetaDataObject xmlns="http://v8.1c.ru/8.3/MDClasses" xmlns:app="http://v8.1c.ru/8.2/managed-application/core" xmlns:cfg="http://v8.1c.ru/8.1/data/enterprise/current-config" xmlns:cmi="http://v8.1c.ru/8.2/managed-application/cmi" xmlns:ent="http://v8.1c.ru/8.1/data/enterprise" xmlns:lf="http://v8.1c.ru/8.2/managed-application/logform" xmlns:style="http://v8.1c.ru/8.1/data/ui/style" xmlns:sys="http://v8.1c.ru/8.1/data/ui/fonts/system" xmlns:v8="http://v8.1c.ru/8.1/data/core" xmlns:v8ui="http://v8.1c.ru/8.1/data/ui" xmlns:web="http://v8.1c.ru/8.1/data/ui/colors/web" xmlns:win="http://v8.1c.ru/8.1/data/ui/colors/windows" xmlns:xen="http://v8.1c.ru/8.3/xcf/enums" xmlns:xpr="http://v8.1c.ru/8.3/xcf/predef" xmlns:xr="http://v8.1c.ru/8.3/xcf/readable" xmlns:xs="http://www.w3.org/2001/XMLSchema" xmlns:xsi="http://www.w3.org/2001/XMLSchema-instance" version="2.18">
	<Document uuid="95bf9e2c-fff8-4eae-afdc-eb8943b383d3">
		<InternalInfo>
			<xr:GeneratedType name="DocumentObject.ЗаявкаНаВозвратТоваровОтКлиента" category="Object">
				<xr:TypeId>4d7d1af6-9119-4c2d-a814-7a03929e343f</xr:TypeId>
				<xr:ValueId>2578aadb-e448-413b-b4bc-0f07a5f61de6</xr:ValueId>
			</xr:GeneratedType>
			<xr:GeneratedType name="DocumentRef.ЗаявкаНаВозвратТоваровОтКлиента" category="Ref">
				<xr:TypeId>8a22ba2c-9c6e-4103-a74a-0c89f5857793</xr:TypeId>
				<xr:ValueId>29f1c06f-a64e-42a1-95d5-9240289d715b</xr:ValueId>
			</xr:GeneratedType>
			<xr:GeneratedType name="DocumentSelection.ЗаявкаНаВозвратТоваровОтКлиента" category="Selection">
				<xr:TypeId>3a7b9b29-55bf-4f52-b159-4c15408a8ec9</xr:TypeId>
				<xr:ValueId>e72f7b87-beec-4890-818d-0c924e215f52</xr:ValueId>
			</xr:GeneratedType>
			<xr:GeneratedType name="DocumentList.ЗаявкаНаВозвратТоваровОтКлиента" category="List">
				<xr:TypeId>3658170f-b888-4114-87d9-78c8778156ca</xr:TypeId>
				<xr:ValueId>fcbeffae-6bb8-4aa2-b0c5-ca24bb7c0df9</xr:ValueId>
			</xr:GeneratedType>
			<xr:GeneratedType name="DocumentManager.ЗаявкаНаВозвратТоваровОтКлиента" category="Manager">
				<xr:TypeId>f8aca32c-cb34-429e-a1af-6650d79724cb</xr:TypeId>
				<xr:ValueId>3996b93a-41c9-4da7-9537-50eb2b9b109b</xr:ValueId>
			</xr:GeneratedType>
		</InternalInfo>
		<Properties>
			<ObjectBelonging>Adopted</ObjectBelonging>
			<Name>ЗаявкаНаВозвратТоваровОтКлиента</Name>
			<Comment/>
			<ExtendedConfigurationObject>7d549218-4491-4a44-8169-b63abbfd04ee</ExtendedConfigurationObject>
			<RegisterRecords/>
		</Properties>
		<ChildObjects/>
	</Document>
</MetaDataObject>