﻿<?xml version="1.0" encoding="UTF-8"?>
<MetaDataObject xmlns="http://v8.1c.ru/8.3/MDClasses" xmlns:app="http://v8.1c.ru/8.2/managed-application/core" xmlns:cfg="http://v8.1c.ru/8.1/data/enterprise/current-config" xmlns:cmi="http://v8.1c.ru/8.2/managed-application/cmi" xmlns:ent="http://v8.1c.ru/8.1/data/enterprise" xmlns:lf="http://v8.1c.ru/8.2/managed-application/logform" xmlns:style="http://v8.1c.ru/8.1/data/ui/style" xmlns:sys="http://v8.1c.ru/8.1/data/ui/fonts/system" xmlns:v8="http://v8.1c.ru/8.1/data/core" xmlns:v8ui="http://v8.1c.ru/8.1/data/ui" xmlns:web="http://v8.1c.ru/8.1/data/ui/colors/web" xmlns:win="http://v8.1c.ru/8.1/data/ui/colors/windows" xmlns:xen="http://v8.1c.ru/8.3/xcf/enums" xmlns:xpr="http://v8.1c.ru/8.3/xcf/predef" xmlns:xr="http://v8.1c.ru/8.3/xcf/readable" xmlns:xs="http://www.w3.org/2001/XMLSchema" xmlns:xsi="http://www.w3.org/2001/XMLSchema-instance" version="2.18">
	<Document uuid="e5063b1c-2483-4619-921a-010dd905e9fb">
		<InternalInfo>
			<xr:GeneratedType name="DocumentObject.ЗаказКлиента" category="Object">
				<xr:TypeId>beecf958-f62b-4c2f-aad2-788e4ced07b3</xr:TypeId>
				<xr:ValueId>a2eb7c9a-8470-4141-a95a-d045c7e52a07</xr:ValueId>
			</xr:GeneratedType>
			<xr:GeneratedType name="DocumentRef.ЗаказКлиента" category="Ref">
				<xr:TypeId>eb944888-0361-4006-9bd7-44a55e64a3ba</xr:TypeId>
				<xr:ValueId>6243a7f6-5fdd-4d24-ba11-3545d46dc7d3</xr:ValueId>
			</xr:GeneratedType>
			<xr:GeneratedType name="DocumentSelection.ЗаказКлиента" category="Selection">
				<xr:TypeId>142d766b-9293-40df-87bf-9c2db0f95017</xr:TypeId>
				<xr:ValueId>9d34289b-7b56-4c74-9389-cf485646e762</xr:ValueId>
			</xr:GeneratedType>
			<xr:GeneratedType name="DocumentList.ЗаказКлиента" category="List">
				<xr:TypeId>1ed3a94d-dd80-4d4f-8546-bbabdcc61214</xr:TypeId>
				<xr:ValueId>7b4bc37e-5a28-4a32-ad1b-e6ccd4af70f3</xr:ValueId>
			</xr:GeneratedType>
			<xr:GeneratedType name="DocumentManager.ЗаказКлиента" category="Manager">
				<xr:TypeId>b694ed09-f057-4f2f-8271-a630c3d3b947</xr:TypeId>
				<xr:ValueId>9bb4fbf0-bc60-49a7-ac2e-d47690c37cc0</xr:ValueId>
			</xr:GeneratedType>
		</InternalInfo>
		<Properties>
			<ObjectBelonging>Adopted</ObjectBelonging>
			<Name>ЗаказКлиента</Name>
			<Comment/>
			<ExtendedConfigurationObject>1ceef4a2-6b58-45a0-8a75-bb6e3004590f</ExtendedConfigurationObject>
			<RegisterRecords/>
		</Properties>
		<ChildObjects>
			<Attribute uuid="4dde5e47-6b38-4c7e-a3cc-1d307280c442">
				<InternalInfo/>
				<Properties>
					<ObjectBelonging>Adopted</ObjectBelonging>
					<Name>Партнер</Name>
					<Comment/>
					<ExtendedConfigurationObject>b6951ae3-bd6b-4547-a0ed-f8cb252badb3</ExtendedConfigurationObject>
					<Type>
						<v8:Type>cfg:CatalogRef.Партнеры</v8:Type>
					</Type>
				</Properties>
			</Attribute>
			<Attribute uuid="5375d15f-3f0b-42e5-acff-e751d6755384">
				<InternalInfo/>
				<Properties>
					<ObjectBelonging>Adopted</ObjectBelonging>
					<Name>Контрагент</Name>
					<Comment/>
					<ExtendedConfigurationObject>3d68151c-a9dd-450f-8139-3be6ac926f58</ExtendedConfigurationObject>
					<Type>
						<v8:Type>cfg:CatalogRef.Контрагенты</v8:Type>
					</Type>
				</Properties>
			</Attribute>
			<Attribute uuid="0d1351c3-3875-4d6b-a15e-9cc4bbf59bc4">
				<InternalInfo/>
				<Properties>
					<ObjectBelonging>Adopted</ObjectBelonging>
					<Name>Организация</Name>
					<Comment/>
					<ExtendedConfigurationObject>c683aebd-f890-44bb-bbe3-b67f7e95b55b</ExtendedConfigurationObject>
					<Type>
						<v8:Type>cfg:CatalogRef.Организации</v8:Type>
					</Type>
				</Properties>
			</Attribute>
			<Attribute uuid="6316c3db-b806-4c33-a6bb-ce960faa119c">
				<InternalInfo/>
				<Properties>
					<ObjectBelonging>Adopted</ObjectBelonging>
					<Name>Соглашение</Name>
					<Comment/>
					<ExtendedConfigurationObject>3c728d38-3039-41f6-b288-2b92f32630c3</ExtendedConfigurationObject>
					<Type>
						<v8:Type>cfg:CatalogRef.СоглашенияСКлиентами</v8:Type>
					</Type>
				</Properties>
			</Attribute>
			<Attribute uuid="5105f912-738e-4b1e-8ded-b412f645ae45">
				<InternalInfo/>
				<Properties>
					<ObjectBelonging>Adopted</ObjectBelonging>
					<Name>Сделка</Name>
					<Comment/>
					<ExtendedConfigurationObject>c52d49cc-c442-472e-9894-2b37fc9463d8</ExtendedConfigurationObject>
					<Type>
						<v8:Type>cfg:CatalogRef.СделкиСКлиентами</v8:Type>
					</Type>
				</Properties>
			</Attribute>
			<Attribute uuid="88dbe442-2785-4fc2-80bc-ca8fa7a0fc47">
				<InternalInfo/>
				<Properties>
					<ObjectBelonging>Adopted</ObjectBelonging>
					<Name>Валюта</Name>
					<Comment/>
					<ExtendedConfigurationObject>0a1a3da1-943d-49ab-9c34-a8ed2e386612</ExtendedConfigurationObject>
					<Type>
						<v8:Type>cfg:CatalogRef.Валюты</v8:Type>
					</Type>
				</Properties>
			</Attribute>
			<Attribute uuid="c3665c04-3b73-4600-89f9-aaea36f3efe3">
				<InternalInfo/>
				<Properties>
					<ObjectBelonging>Adopted</ObjectBelonging>
					<Name>СуммаДокумента</Name>
					<Comment/>
					<ExtendedConfigurationObject>09d5679e-99d4-4bae-a2be-ab43f7ffaaae</ExtendedConfigurationObject>
					<Type>
						<v8:TypeSet>cfg:DefinedType.ДенежнаяСуммаЛюбогоЗнака</v8:TypeSet>
					</Type>
				</Properties>
			</Attribute>
			<Attribute uuid="0e675a95-f325-4f1b-b5b7-603640d41001">
				<InternalInfo/>
				<Properties>
					<ObjectBelonging>Adopted</ObjectBelonging>
					<Name>ГрафикОплаты</Name>
					<Comment/>
					<ExtendedConfigurationObject>e925be7d-2573-499a-98d3-d4083edd7cb4</ExtendedConfigurationObject>
					<Type>
						<v8:Type>cfg:CatalogRef.ГрафикиОплаты</v8:Type>
					</Type>
				</Properties>
			</Attribute>
			<Attribute uuid="a706a1ed-ab62-4bf2-a24b-2d1e6950ce5e">
				<InternalInfo/>
				<Properties>
					<ObjectBelonging>Adopted</ObjectBelonging>
					<Name>Склад</Name>
					<Comment/>
					<ExtendedConfigurationObject>21767e3f-5e9d-43d3-803c-eaf6279e10db</ExtendedConfigurationObject>
					<Type>
						<v8:Type>cfg:CatalogRef.Склады</v8:Type>
					</Type>
				</Properties>
			</Attribute>
			<Attribute uuid="bb3ed8a1-e493-48e2-ae18-8e905d5746ff">
				<InternalInfo/>
				<Properties>
					<ObjectBelonging>Adopted</ObjectBelonging>
					<Name>ЦенаВключаетНДС</Name>
					<Comment/>
					<ExtendedConfigurationObject>9d586092-eec8-4393-9c3e-4de4c3b37ad3</ExtendedConfigurationObject>
					<Type>
						<v8:Type>xs:boolean</v8:Type>
					</Type>
				</Properties>
			</Attribute>
			<Attribute uuid="bf8eaf49-1f65-473b-940d-e3a239910b46">
				<InternalInfo/>
				<Properties>
					<ObjectBelonging>Adopted</ObjectBelonging>
					<Name>Менеджер</Name>
					<Comment/>
					<ExtendedConfigurationObject>1974cb5e-5162-4f59-90ce-866449e6abe0</ExtendedConfigurationObject>
					<Type>
						<v8:Type>cfg:CatalogRef.Пользователи</v8:Type>
					</Type>
				</Properties>
			</Attribute>
			<Attribute uuid="e85bc9b7-442c-4080-bc11-270111f6b69b">
				<InternalInfo/>
				<Properties>
					<ObjectBelonging>Adopted</ObjectBelonging>
					<Name>ДополнительнаяИнформация</Name>
					<Comment/>
					<ExtendedConfigurationObject>eda7bac8-5afa-44f2-b11b-30c3140ba4d4</ExtendedConfigurationObject>
					<Type>
						<v8:Type>xs:string</v8:Type>
						<v8:StringQualifiers>
							<v8:Length>0</v8:Length>
							<v8:AllowedLength>Variable</v8:AllowedLength>
						</v8:StringQualifiers>
					</Type>
				</Properties>
			</Attribute>
			<Attribute uuid="980d2ffe-47a0-4fa5-923e-e3f9f51d3fe1">
				<InternalInfo/>
				<Properties>
					<ObjectBelonging>Adopted</ObjectBelonging>
					<Name>ДокументОснование</Name>
					<Comment/>
					<ExtendedConfigurationObject>37cf8891-f7e5-4223-a4fe-8aa0212b88aa</ExtendedConfigurationObject>
					<Type>
						<v8:TypeSet>cfg:AnyIBRef</v8:TypeSet>
					</Type>
				</Properties>
			</Attribute>
			<Attribute uuid="45876965-11fd-4a39-8863-3876567fda2f">
				<InternalInfo/>
				<Properties>
					<ObjectBelonging>Adopted</ObjectBelonging>
					<Name>НеОтгружатьЧастями</Name>
					<Comment/>
					<ExtendedConfigurationObject>76b30229-cb79-4cb9-8e01-5ed67d9ee325</ExtendedConfigurationObject>
					<Type>
						<v8:Type>xs:boolean</v8:Type>
					</Type>
				</Properties>
			</Attribute>
			<Attribute uuid="97d0e5c4-d39d-4439-870c-02586b9ddac1">
				<InternalInfo/>
				<Properties>
					<ObjectBelonging>Adopted</ObjectBelonging>
					<Name>Статус</Name>
					<Comment/>
					<ExtendedConfigurationObject>a8d06692-73f7-469f-a6a7-388a13d421d2</ExtendedConfigurationObject>
					<Type>
						<v8:Type>cfg:EnumRef.СтатусыЗаказовКлиентов</v8:Type>
					</Type>
				</Properties>
			</Attribute>
			<Attribute uuid="6874343b-e387-4753-b873-53324f92c7c9">
				<InternalInfo/>
				<Properties>
					<ObjectBelonging>Adopted</ObjectBelonging>
					<Name>Согласован</Name>
					<Comment/>
					<ExtendedConfigurationObject>b44d55f4-e154-41e2-bab0-b5ab533e37da</ExtendedConfigurationObject>
					<Type>
						<v8:Type>xs:boolean</v8:Type>
					</Type>
				</Properties>
			</Attribute>
			<Attribute uuid="a06ec1f2-5402-4d5b-adcc-da061acccbde">
				<InternalInfo/>
				<Properties>
					<ObjectBelonging>Adopted</ObjectBelonging>
					<Name>ДатаОтгрузки</Name>
					<Comment/>
					<ExtendedConfigurationObject>d462888a-fa46-4e10-842a-8647c5c2ab42</ExtendedConfigurationObject>
					<Type>
						<v8:Type>xs:dateTime</v8:Type>
						<v8:DateQualifiers>
							<v8:DateFractions>Date</v8:DateFractions>
						</v8:DateQualifiers>
					</Type>
				</Properties>
			</Attribute>
			<Attribute uuid="ecb7a3bc-3810-4299-98dd-1d0c6f579c0d">
				<InternalInfo/>
				<Properties>
					<ObjectBelonging>Adopted</ObjectBelonging>
					<Name>АдресДоставки</Name>
					<Comment/>
					<ExtendedConfigurationObject>bc12b8ff-a823-487b-a51a-f61d0170e694</ExtendedConfigurationObject>
					<Type>
						<v8:Type>xs:string</v8:Type>
						<v8:StringQualifiers>
							<v8:Length>500</v8:Length>
							<v8:AllowedLength>Variable</v8:AllowedLength>
						</v8:StringQualifiers>
					</Type>
				</Properties>
			</Attribute>
			<Attribute uuid="cf07d8a3-7183-482f-834d-3a7d20320b53">
				<InternalInfo/>
				<Properties>
					<ObjectBelonging>Adopted</ObjectBelonging>
					<Name>Комментарий</Name>
					<Comment/>
					<ExtendedConfigurationObject>9b03f67d-2b7d-4c73-a988-943a154dbef7</ExtendedConfigurationObject>
					<Type>
						<v8:Type>xs:string</v8:Type>
						<v8:StringQualifiers>
							<v8:Length>0</v8:Length>
							<v8:AllowedLength>Variable</v8:AllowedLength>
						</v8:StringQualifiers>
					</Type>
				</Properties>
			</Attribute>
			<Attribute uuid="f18ec465-a132-478c-a188-d8ba0eb2a72e">
				<InternalInfo/>
				<Properties>
					<ObjectBelonging>Adopted</ObjectBelonging>
					<Name>Грузоотправитель</Name>
					<Comment/>
					<ExtendedConfigurationObject>2fcffffa-7117-4a0f-b75f-65ac3f7f1128</ExtendedConfigurationObject>
					<Type>
						<v8:Type>cfg:CatalogRef.Контрагенты</v8:Type>
					</Type>
				</Properties>
			</Attribute>
			<Attribute uuid="2e1fbe36-3da3-4c7d-b563-8309475b39cf">
				<InternalInfo/>
				<Properties>
					<ObjectBelonging>Adopted</ObjectBelonging>
					<Name>Грузополучатель</Name>
					<Comment/>
					<ExtendedConfigurationObject>b95556d1-ed9c-4bdb-a425-756fd5f63dd4</ExtendedConfigurationObject>
					<Type>
						<v8:Type>cfg:CatalogRef.Контрагенты</v8:Type>
					</Type>
				</Properties>
			</Attribute>
			<Attribute uuid="dcda3057-c16e-4781-b9bb-d9be5f18c239">
				<InternalInfo/>
				<Properties>
					<ObjectBelonging>Adopted</ObjectBelonging>
					<Name>ВремяДоставкиС</Name>
					<Comment/>
					<ExtendedConfigurationObject>127f85d7-0ba7-4605-8b59-b55e9e875219</ExtendedConfigurationObject>
					<Type>
						<v8:Type>xs:dateTime</v8:Type>
						<v8:DateQualifiers>
							<v8:DateFractions>Time</v8:DateFractions>
						</v8:DateQualifiers>
					</Type>
				</Properties>
			</Attribute>
			<Attribute uuid="a2e73ad4-f477-445f-87b2-f86631fb14ec">
				<InternalInfo/>
				<Properties>
					<ObjectBelonging>Adopted</ObjectBelonging>
					<Name>ВремяДоставкиПо</Name>
					<Comment/>
					<ExtendedConfigurationObject>5f7e918e-aad7-449a-aa66-4ffb20f84ce5</ExtendedConfigurationObject>
					<Type>
						<v8:Type>xs:dateTime</v8:Type>
						<v8:DateQualifiers>
							<v8:DateFractions>Time</v8:DateFractions>
						</v8:DateQualifiers>
					</Type>
				</Properties>
			</Attribute>
			<Attribute uuid="3a90f4e3-ab0a-4577-83b3-9d77ee6cf0ad">
				<InternalInfo/>
				<Properties>
					<ObjectBelonging>Adopted</ObjectBelonging>
					<Name>КонтактноеЛицо</Name>
					<Comment/>
					<ExtendedConfigurationObject>e3902ecc-8770-45b7-87d0-dc9f6101ea8b</ExtendedConfigurationObject>
					<Type>
						<v8:Type>cfg:CatalogRef.КонтактныеЛицаПартнеров</v8:Type>
					</Type>
				</Properties>
			</Attribute>
			<Attribute uuid="38f2d95e-186f-4e43-9897-0febbc646568">
				<InternalInfo/>
				<Properties>
					<ObjectBelonging>Adopted</ObjectBelonging>
					<Name>Руководитель</Name>
					<Comment/>
					<ExtendedConfigurationObject>6cdbc822-aa59-4b12-9051-4f842d7ed5dd</ExtendedConfigurationObject>
					<Type>
						<v8:Type>cfg:CatalogRef.ОтветственныеЛицаОрганизаций</v8:Type>
					</Type>
				</Properties>
			</Attribute>
			<Attribute uuid="8dbdae2b-4e26-406d-b76a-bca23f045314">
				<InternalInfo/>
				<Properties>
					<ObjectBelonging>Adopted</ObjectBelonging>
					<Name>Курьер</Name>
					<Comment/>
					<ExtendedConfigurationObject>e8fdcc4e-50e4-46d2-94f3-56ca2c6dd254</ExtendedConfigurationObject>
					<Type>
						<v8:Type>cfg:CatalogRef.ФизическиеЛица</v8:Type>
					</Type>
				</Properties>
			</Attribute>
			<Attribute uuid="09aae69e-3d33-4902-98cf-e2ccfadcd918">
				<InternalInfo/>
				<Properties>
					<ObjectBelonging>Adopted</ObjectBelonging>
					<Name>АдресДоставкиЗначение</Name>
					<Comment/>
					<ExtendedConfigurationObject>dd9af0b4-d0b4-4c26-b429-2f5224f85528</ExtendedConfigurationObject>
					<Type>
						<v8:Type>xs:string</v8:Type>
						<v8:StringQualifiers>
							<v8:Length>0</v8:Length>
							<v8:AllowedLength>Variable</v8:AllowedLength>
						</v8:StringQualifiers>
					</Type>
				</Properties>
			</Attribute>
			<Attribute uuid="26dde956-309f-4c7d-b9fe-03edb3be8560">
				<Properties>
					<Name>ТелеграмID</Name>
					<Synonym>
						<v8:item>
							<v8:lang>ru</v8:lang>
							<v8:content>Телеграм ID</v8:content>
						</v8:item>
					</Synonym>
					<Comment/>
					<Type>
						<v8:Type>xs:string</v8:Type>
						<v8:StringQualifiers>
							<v8:Length>30</v8:Length>
							<v8:AllowedLength>Variable</v8:AllowedLength>
						</v8:StringQualifiers>
					</Type>
					<PasswordMode>false</PasswordMode>
					<Format/>
					<EditFormat/>
					<ToolTip/>
					<MarkNegatives>false</MarkNegatives>
					<Mask/>
					<MultiLine>false</MultiLine>
					<ExtendedEdit>false</ExtendedEdit>
					<MinValue xsi:nil="true"/>
					<MaxValue xsi:nil="true"/>
					<FillFromFillingValue>false</FillFromFillingValue>
					<FillValue xsi:type="xs:string"/>
					<FillChecking>DontCheck</FillChecking>
					<ChoiceFoldersAndItems>Items</ChoiceFoldersAndItems>
					<ChoiceParameterLinks/>
					<ChoiceParameters/>
					<QuickChoice>Auto</QuickChoice>
					<CreateOnInput>Auto</CreateOnInput>
					<ChoiceForm/>
					<LinkByType/>
					<ChoiceHistoryOnInput>Auto</ChoiceHistoryOnInput>
					<Indexing>DontIndex</Indexing>
					<FullTextSearch>Use</FullTextSearch>
					<DataHistory>Use</DataHistory>
				</Properties>
			</Attribute>
			<Attribute uuid="b2130d5e-2a8b-4d4e-8601-d982fee5886a">
				<InternalInfo/>
				<Properties>
					<ObjectBelonging>Adopted</ObjectBelonging>
					<Name>ПеревозчикПартнер</Name>
					<Comment/>
					<ExtendedConfigurationObject>8a643f35-57bd-47b4-a6cb-8ccd91747e80</ExtendedConfigurationObject>
					<Type>
						<v8:Type>cfg:CatalogRef.Партнеры</v8:Type>
					</Type>
				</Properties>
			</Attribute>
			<Form>ФормаДокумента</Form>
			<Form>ФормаСписка</Form>
			<Form>ФормаСпискаДокументов</Form>
			<Form>ФормаВыбора</Form>
			<Form>РеквизитыПечати</Form>
			<Form>ФормаДокументаСамообслуживание</Form>
			<Form>ФормаСпискаСамообслуживание</Form>
		</ChildObjects>
	</Document>
</MetaDataObject>