﻿<?xml version="1.0" encoding="UTF-8"?>
<MetaDataObject xmlns="http://v8.1c.ru/8.3/MDClasses" xmlns:app="http://v8.1c.ru/8.2/managed-application/core" xmlns:cfg="http://v8.1c.ru/8.1/data/enterprise/current-config" xmlns:cmi="http://v8.1c.ru/8.2/managed-application/cmi" xmlns:ent="http://v8.1c.ru/8.1/data/enterprise" xmlns:lf="http://v8.1c.ru/8.2/managed-application/logform" xmlns:style="http://v8.1c.ru/8.1/data/ui/style" xmlns:sys="http://v8.1c.ru/8.1/data/ui/fonts/system" xmlns:v8="http://v8.1c.ru/8.1/data/core" xmlns:v8ui="http://v8.1c.ru/8.1/data/ui" xmlns:web="http://v8.1c.ru/8.1/data/ui/colors/web" xmlns:win="http://v8.1c.ru/8.1/data/ui/colors/windows" xmlns:xen="http://v8.1c.ru/8.3/xcf/enums" xmlns:xpr="http://v8.1c.ru/8.3/xcf/predef" xmlns:xr="http://v8.1c.ru/8.3/xcf/readable" xmlns:xs="http://www.w3.org/2001/XMLSchema" xmlns:xsi="http://www.w3.org/2001/XMLSchema-instance" version="2.18">
	<Enum uuid="c71f2a65-8b0a-49a3-a322-fbbeeb15c40a">
		<InternalInfo>
			<xr:GeneratedType name="EnumRef.ВариантыОтправкиЭлектронногоЧекаПокупателю" category="Ref">
				<xr:TypeId>162a1aaf-c5a6-442f-9b94-0cd0a968599d</xr:TypeId>
				<xr:ValueId>1d879da0-460b-4398-87cf-c7a0ff971f3c</xr:ValueId>
			</xr:GeneratedType>
			<xr:GeneratedType name="EnumManager.ВариантыОтправкиЭлектронногоЧекаПокупателю" category="Manager">
				<xr:TypeId>28f073a6-8d34-4940-b13f-dd724b6ec5d1</xr:TypeId>
				<xr:ValueId>e90db501-7f8c-4cda-9a3c-cf5fca5c9a37</xr:ValueId>
			</xr:GeneratedType>
			<xr:GeneratedType name="EnumList.ВариантыОтправкиЭлектронногоЧекаПокупателю" category="List">
				<xr:TypeId>afb6ff32-c201-4097-a712-84f71ceeecb9</xr:TypeId>
				<xr:ValueId>a420e3b7-1eeb-4daf-a5ee-13b967a9a33f</xr:ValueId>
			</xr:GeneratedType>
		</InternalInfo>
		<Properties>
			<ObjectBelonging>Adopted</ObjectBelonging>
			<Name>ВариантыОтправкиЭлектронногоЧекаПокупателю</Name>
			<Comment/>
			<ExtendedConfigurationObject>71d57a20-9031-4a04-8a86-5b804bdbd447</ExtendedConfigurationObject>
		</Properties>
		<ChildObjects/>
	</Enum>
</MetaDataObject>