﻿<?xml version="1.0" encoding="UTF-8"?>
<MetaDataObject xmlns="http://v8.1c.ru/8.3/MDClasses" xmlns:app="http://v8.1c.ru/8.2/managed-application/core" xmlns:cfg="http://v8.1c.ru/8.1/data/enterprise/current-config" xmlns:cmi="http://v8.1c.ru/8.2/managed-application/cmi" xmlns:ent="http://v8.1c.ru/8.1/data/enterprise" xmlns:lf="http://v8.1c.ru/8.2/managed-application/logform" xmlns:style="http://v8.1c.ru/8.1/data/ui/style" xmlns:sys="http://v8.1c.ru/8.1/data/ui/fonts/system" xmlns:v8="http://v8.1c.ru/8.1/data/core" xmlns:v8ui="http://v8.1c.ru/8.1/data/ui" xmlns:web="http://v8.1c.ru/8.1/data/ui/colors/web" xmlns:win="http://v8.1c.ru/8.1/data/ui/colors/windows" xmlns:xen="http://v8.1c.ru/8.3/xcf/enums" xmlns:xpr="http://v8.1c.ru/8.3/xcf/predef" xmlns:xr="http://v8.1c.ru/8.3/xcf/readable" xmlns:xs="http://www.w3.org/2001/XMLSchema" xmlns:xsi="http://www.w3.org/2001/XMLSchema-instance" version="2.18">
	<Enum uuid="9d959993-691a-4539-a3ba-11dde153bcc8">
		<InternalInfo>
			<xr:GeneratedType name="EnumRef.КомпанияЧастноеЛицо" category="Ref">
				<xr:TypeId>d021aec1-05eb-49d7-ab68-a6ed1d761bd1</xr:TypeId>
				<xr:ValueId>30bfad8d-a54a-413a-87a1-8303bb761782</xr:ValueId>
			</xr:GeneratedType>
			<xr:GeneratedType name="EnumManager.КомпанияЧастноеЛицо" category="Manager">
				<xr:TypeId>f664ea97-11ad-4324-8979-4a20b7137a1a</xr:TypeId>
				<xr:ValueId>5f7a1735-90fb-46aa-8a45-688219e5515a</xr:ValueId>
			</xr:GeneratedType>
			<xr:GeneratedType name="EnumList.КомпанияЧастноеЛицо" category="List">
				<xr:TypeId>a1a9bce5-518e-4d73-8f3f-fb2326e5c507</xr:TypeId>
				<xr:ValueId>207bbc35-e2a0-43cf-abce-7728961afbeb</xr:ValueId>
			</xr:GeneratedType>
		</InternalInfo>
		<Properties>
			<ObjectBelonging>Adopted</ObjectBelonging>
			<Name>КомпанияЧастноеЛицо</Name>
			<Comment/>
			<ExtendedConfigurationObject>552f0508-9b80-4fec-9ba5-fcd38569861a</ExtendedConfigurationObject>
		</Properties>
		<ChildObjects/>
	</Enum>
</MetaDataObject>