﻿<?xml version="1.0" encoding="UTF-8"?>
<MetaDataObject xmlns="http://v8.1c.ru/8.3/MDClasses" xmlns:app="http://v8.1c.ru/8.2/managed-application/core" xmlns:cfg="http://v8.1c.ru/8.1/data/enterprise/current-config" xmlns:cmi="http://v8.1c.ru/8.2/managed-application/cmi" xmlns:ent="http://v8.1c.ru/8.1/data/enterprise" xmlns:lf="http://v8.1c.ru/8.2/managed-application/logform" xmlns:style="http://v8.1c.ru/8.1/data/ui/style" xmlns:sys="http://v8.1c.ru/8.1/data/ui/fonts/system" xmlns:v8="http://v8.1c.ru/8.1/data/core" xmlns:v8ui="http://v8.1c.ru/8.1/data/ui" xmlns:web="http://v8.1c.ru/8.1/data/ui/colors/web" xmlns:win="http://v8.1c.ru/8.1/data/ui/colors/windows" xmlns:xen="http://v8.1c.ru/8.3/xcf/enums" xmlns:xpr="http://v8.1c.ru/8.3/xcf/predef" xmlns:xr="http://v8.1c.ru/8.3/xcf/readable" xmlns:xs="http://www.w3.org/2001/XMLSchema" xmlns:xsi="http://www.w3.org/2001/XMLSchema-instance" version="2.18">
	<Enum uuid="60e05966-c24d-47b4-b0c4-171254157cf7">
		<InternalInfo>
			<xr:GeneratedType name="EnumRef.ОтветственныеЛицаОрганизаций" category="Ref">
				<xr:TypeId>c2026eda-2226-4383-9daf-45f1592dc0c6</xr:TypeId>
				<xr:ValueId>6c6ad714-face-4a45-ab01-167f5c93c61d</xr:ValueId>
			</xr:GeneratedType>
			<xr:GeneratedType name="EnumManager.ОтветственныеЛицаОрганизаций" category="Manager">
				<xr:TypeId>46023565-353a-4520-b97f-fbccc117606d</xr:TypeId>
				<xr:ValueId>23062140-670a-46ef-877e-6869cf7002f4</xr:ValueId>
			</xr:GeneratedType>
			<xr:GeneratedType name="EnumList.ОтветственныеЛицаОрганизаций" category="List">
				<xr:TypeId>5ac2df0c-ff7f-4285-956b-e62e44f14192</xr:TypeId>
				<xr:ValueId>acbd3b1d-cc36-433b-9dda-78fe133b586f</xr:ValueId>
			</xr:GeneratedType>
		</InternalInfo>
		<Properties>
			<ObjectBelonging>Adopted</ObjectBelonging>
			<Name>ОтветственныеЛицаОрганизаций</Name>
			<Comment/>
			<ExtendedConfigurationObject>97a5f1f4-6332-4100-9848-6c0907797835</ExtendedConfigurationObject>
		</Properties>
		<ChildObjects>
			<EnumValue uuid="a77fd003-74d7-4da1-975b-f063085027b6">
				<InternalInfo/>
				<Properties>
					<ObjectBelonging>Adopted</ObjectBelonging>
					<Name>ГлавныйБухгалтер</Name>
					<Comment/>
					<ExtendedConfigurationObject>b684c73e-a0ee-430e-b257-6a45d3bfa9e8</ExtendedConfigurationObject>
				</Properties>
			</EnumValue>
			<EnumValue uuid="c89058a0-5062-4b5a-a8b9-c075b2c02f9b">
				<InternalInfo/>
				<Properties>
					<ObjectBelonging>Adopted</ObjectBelonging>
					<Name>Руководитель</Name>
					<Comment/>
					<ExtendedConfigurationObject>6149f789-afe7-422c-a493-7ed022301a1f</ExtendedConfigurationObject>
				</Properties>
			</EnumValue>
		</ChildObjects>
	</Enum>
</MetaDataObject>