﻿<?xml version="1.0" encoding="UTF-8"?>
<MetaDataObject xmlns="http://v8.1c.ru/8.3/MDClasses" xmlns:app="http://v8.1c.ru/8.2/managed-application/core" xmlns:cfg="http://v8.1c.ru/8.1/data/enterprise/current-config" xmlns:cmi="http://v8.1c.ru/8.2/managed-application/cmi" xmlns:ent="http://v8.1c.ru/8.1/data/enterprise" xmlns:lf="http://v8.1c.ru/8.2/managed-application/logform" xmlns:style="http://v8.1c.ru/8.1/data/ui/style" xmlns:sys="http://v8.1c.ru/8.1/data/ui/fonts/system" xmlns:v8="http://v8.1c.ru/8.1/data/core" xmlns:v8ui="http://v8.1c.ru/8.1/data/ui" xmlns:web="http://v8.1c.ru/8.1/data/ui/colors/web" xmlns:win="http://v8.1c.ru/8.1/data/ui/colors/windows" xmlns:xen="http://v8.1c.ru/8.3/xcf/enums" xmlns:xpr="http://v8.1c.ru/8.3/xcf/predef" xmlns:xr="http://v8.1c.ru/8.3/xcf/readable" xmlns:xs="http://www.w3.org/2001/XMLSchema" xmlns:xsi="http://www.w3.org/2001/XMLSchema-instance" version="2.18">
	<Enum uuid="4647fd17-d381-410d-b3c0-0d7185bfd791">
		<InternalInfo>
			<xr:GeneratedType name="EnumRef.ПолФизическогоЛица" category="Ref">
				<xr:TypeId>6598f01d-cf35-4ad6-9654-3c9a3231db9b</xr:TypeId>
				<xr:ValueId>30c8e9d4-8963-48ad-8c50-742e34592174</xr:ValueId>
			</xr:GeneratedType>
			<xr:GeneratedType name="EnumManager.ПолФизическогоЛица" category="Manager">
				<xr:TypeId>c99b079d-ecae-4d3b-b5f4-07e5de514227</xr:TypeId>
				<xr:ValueId>15668357-4b67-48bb-b120-6884c0c13c0c</xr:ValueId>
			</xr:GeneratedType>
			<xr:GeneratedType name="EnumList.ПолФизическогоЛица" category="List">
				<xr:TypeId>d5af9f5d-2d8f-4eae-81f2-c3d25f68467c</xr:TypeId>
				<xr:ValueId>1cae9389-5ea0-4f43-8512-1c4c248cbf0d</xr:ValueId>
			</xr:GeneratedType>
		</InternalInfo>
		<Properties>
			<ObjectBelonging>Adopted</ObjectBelonging>
			<Name>ПолФизическогоЛица</Name>
			<Comment/>
			<ExtendedConfigurationObject>c35904cf-4954-434e-96fd-5ca537a88c66</ExtendedConfigurationObject>
		</Properties>
		<ChildObjects/>
	</Enum>
</MetaDataObject>