﻿<?xml version="1.0" encoding="UTF-8"?>
<MetaDataObject xmlns="http://v8.1c.ru/8.3/MDClasses" xmlns:app="http://v8.1c.ru/8.2/managed-application/core" xmlns:cfg="http://v8.1c.ru/8.1/data/enterprise/current-config" xmlns:cmi="http://v8.1c.ru/8.2/managed-application/cmi" xmlns:ent="http://v8.1c.ru/8.1/data/enterprise" xmlns:lf="http://v8.1c.ru/8.2/managed-application/logform" xmlns:style="http://v8.1c.ru/8.1/data/ui/style" xmlns:sys="http://v8.1c.ru/8.1/data/ui/fonts/system" xmlns:v8="http://v8.1c.ru/8.1/data/core" xmlns:v8ui="http://v8.1c.ru/8.1/data/ui" xmlns:web="http://v8.1c.ru/8.1/data/ui/colors/web" xmlns:win="http://v8.1c.ru/8.1/data/ui/colors/windows" xmlns:xen="http://v8.1c.ru/8.3/xcf/enums" xmlns:xpr="http://v8.1c.ru/8.3/xcf/predef" xmlns:xr="http://v8.1c.ru/8.3/xcf/readable" xmlns:xs="http://www.w3.org/2001/XMLSchema" xmlns:xsi="http://www.w3.org/2001/XMLSchema-instance" version="2.18">
	<Enum uuid="9f2e565d-1e76-426c-afd9-354d0f0d740a">
		<InternalInfo>
			<xr:GeneratedType name="EnumRef.СостоянияЗаполненияМногооборотнойТары" category="Ref">
				<xr:TypeId>8a5f8d7e-7a08-493c-a505-4af031f68ed1</xr:TypeId>
				<xr:ValueId>81585d7b-7673-474b-b449-39fb69ac311f</xr:ValueId>
			</xr:GeneratedType>
			<xr:GeneratedType name="EnumManager.СостоянияЗаполненияМногооборотнойТары" category="Manager">
				<xr:TypeId>55f33044-f094-4c76-88dd-19d28c455fc5</xr:TypeId>
				<xr:ValueId>a36a1ab4-3c49-4d31-a227-ce862affa0e5</xr:ValueId>
			</xr:GeneratedType>
			<xr:GeneratedType name="EnumList.СостоянияЗаполненияМногооборотнойТары" category="List">
				<xr:TypeId>147fbb13-7878-429a-8bec-7b1e9bb85036</xr:TypeId>
				<xr:ValueId>cb816174-cec3-4d2d-8a4e-695c2bc5e931</xr:ValueId>
			</xr:GeneratedType>
		</InternalInfo>
		<Properties>
			<ObjectBelonging>Adopted</ObjectBelonging>
			<Name>СостоянияЗаполненияМногооборотнойТары</Name>
			<Comment/>
			<ExtendedConfigurationObject>86194457-bf80-4b3a-9163-f2eb62ecf7ba</ExtendedConfigurationObject>
		</Properties>
		<ChildObjects/>
	</Enum>
</MetaDataObject>