﻿<?xml version="1.0" encoding="UTF-8"?>
<MetaDataObject xmlns="http://v8.1c.ru/8.3/MDClasses" xmlns:app="http://v8.1c.ru/8.2/managed-application/core" xmlns:cfg="http://v8.1c.ru/8.1/data/enterprise/current-config" xmlns:cmi="http://v8.1c.ru/8.2/managed-application/cmi" xmlns:ent="http://v8.1c.ru/8.1/data/enterprise" xmlns:lf="http://v8.1c.ru/8.2/managed-application/logform" xmlns:style="http://v8.1c.ru/8.1/data/ui/style" xmlns:sys="http://v8.1c.ru/8.1/data/ui/fonts/system" xmlns:v8="http://v8.1c.ru/8.1/data/core" xmlns:v8ui="http://v8.1c.ru/8.1/data/ui" xmlns:web="http://v8.1c.ru/8.1/data/ui/colors/web" xmlns:win="http://v8.1c.ru/8.1/data/ui/colors/windows" xmlns:xen="http://v8.1c.ru/8.3/xcf/enums" xmlns:xpr="http://v8.1c.ru/8.3/xcf/predef" xmlns:xr="http://v8.1c.ru/8.3/xcf/readable" xmlns:xs="http://www.w3.org/2001/XMLSchema" xmlns:xsi="http://www.w3.org/2001/XMLSchema-instance" version="2.18">
	<Enum uuid="d3ca2323-c903-4d52-863a-9a19bdc729dd">
		<InternalInfo>
			<xr:GeneratedType name="EnumRef.СостоянияЗаказовКлиентов" category="Ref">
				<xr:TypeId>3d98ce10-df08-4eb9-b408-a0ee05035ffc</xr:TypeId>
				<xr:ValueId>1eb92909-80fb-4d66-8fcf-125ae79b2280</xr:ValueId>
			</xr:GeneratedType>
			<xr:GeneratedType name="EnumManager.СостоянияЗаказовКлиентов" category="Manager">
				<xr:TypeId>078a10a6-0b2b-4343-82de-a5f6c8eab9ed</xr:TypeId>
				<xr:ValueId>d5208f24-aa2e-4091-adb8-b9235b54a54f</xr:ValueId>
			</xr:GeneratedType>
			<xr:GeneratedType name="EnumList.СостоянияЗаказовКлиентов" category="List">
				<xr:TypeId>2b7ccaca-7078-40e0-8cc1-0fe87ed83f3c</xr:TypeId>
				<xr:ValueId>ba0493ad-e2f7-4ead-a3a0-687caec6975f</xr:ValueId>
			</xr:GeneratedType>
		</InternalInfo>
		<Properties>
			<ObjectBelonging>Adopted</ObjectBelonging>
			<Name>СостоянияЗаказовКлиентов</Name>
			<Comment/>
			<ExtendedConfigurationObject>ea8c9475-156a-4793-8dfe-10617b50f0de</ExtendedConfigurationObject>
		</Properties>
		<ChildObjects>
			<EnumValue uuid="c962a31e-cad0-4be0-8b13-2876f2c4b681">
				<InternalInfo/>
				<Properties>
					<ObjectBelonging>Adopted</ObjectBelonging>
					<Name>ОжидаетсяСогласование</Name>
					<Comment/>
					<ExtendedConfigurationObject>4f84d378-014f-46e5-9669-117f8699ea6a</ExtendedConfigurationObject>
				</Properties>
			</EnumValue>
			<EnumValue uuid="eab8ad24-4837-4711-bb56-3dc3409b604d">
				<InternalInfo/>
				<Properties>
					<ObjectBelonging>Adopted</ObjectBelonging>
					<Name>ОжидаетсяАвансДоОбеспечения</Name>
					<Comment/>
					<ExtendedConfigurationObject>19bbeac3-81cc-44be-a192-facf17f33858</ExtendedConfigurationObject>
				</Properties>
			</EnumValue>
			<EnumValue uuid="d3013456-b0be-4c67-ac9b-5f9954ad59f9">
				<InternalInfo/>
				<Properties>
					<ObjectBelonging>Adopted</ObjectBelonging>
					<Name>ГотовКОбеспечению</Name>
					<Comment/>
					<ExtendedConfigurationObject>a72ecdb2-2cc3-45ed-a281-091e5fc11df3</ExtendedConfigurationObject>
				</Properties>
			</EnumValue>
			<EnumValue uuid="e8147903-b20d-4c85-bc80-95ab33ccd0a3">
				<InternalInfo/>
				<Properties>
					<ObjectBelonging>Adopted</ObjectBelonging>
					<Name>ОжидаетсяПредоплатаДоОтгрузки</Name>
					<Comment/>
					<ExtendedConfigurationObject>bb55629d-93bb-43f7-aaa0-1276db42e0ab</ExtendedConfigurationObject>
				</Properties>
			</EnumValue>
			<EnumValue uuid="cba25735-ae71-4f9b-80eb-b58eda5e02a5">
				<InternalInfo/>
				<Properties>
					<ObjectBelonging>Adopted</ObjectBelonging>
					<Name>ОжидаетсяОбеспечение</Name>
					<Comment/>
					<ExtendedConfigurationObject>9d7a3d9a-f289-469a-a229-14a8595ec642</ExtendedConfigurationObject>
				</Properties>
			</EnumValue>
			<EnumValue uuid="316ae087-daf5-401a-8e59-687e68144291">
				<InternalInfo/>
				<Properties>
					<ObjectBelonging>Adopted</ObjectBelonging>
					<Name>ГотовКОтгрузке</Name>
					<Comment/>
					<ExtendedConfigurationObject>3593ef02-b143-40a5-84ac-6800414ce3c8</ExtendedConfigurationObject>
				</Properties>
			</EnumValue>
			<EnumValue uuid="6593ae4f-9b34-455b-8335-b7fe2552b025">
				<InternalInfo/>
				<Properties>
					<ObjectBelonging>Adopted</ObjectBelonging>
					<Name>ВПроцессеОтгрузки</Name>
					<Comment/>
					<ExtendedConfigurationObject>e8025e90-5b7c-4af5-a86c-bc4572045c64</ExtendedConfigurationObject>
				</Properties>
			</EnumValue>
			<EnumValue uuid="ceb8e92d-9274-441c-ada9-57964da32fbf">
				<InternalInfo/>
				<Properties>
					<ObjectBelonging>Adopted</ObjectBelonging>
					<Name>ОжидаетсяОплатаПослеОтгрузки</Name>
					<Comment/>
					<ExtendedConfigurationObject>83893f80-b33f-4cba-89b9-8eeb4e6a5cfa</ExtendedConfigurationObject>
				</Properties>
			</EnumValue>
			<EnumValue uuid="610d9392-2ec2-4ed1-8fc1-07fa45ef49bf">
				<InternalInfo/>
				<Properties>
					<ObjectBelonging>Adopted</ObjectBelonging>
					<Name>ГотовКЗакрытию</Name>
					<Comment/>
					<ExtendedConfigurationObject>3758fe6e-65f9-42dc-9baf-4b3a30754211</ExtendedConfigurationObject>
				</Properties>
			</EnumValue>
			<EnumValue uuid="d8ac3ce6-8957-46ab-9666-e04c7d717ea9">
				<InternalInfo/>
				<Properties>
					<ObjectBelonging>Adopted</ObjectBelonging>
					<Name>Закрыт</Name>
					<Comment/>
					<ExtendedConfigurationObject>99d7c9c4-55a0-41ff-9ae0-bc17f9225371</ExtendedConfigurationObject>
				</Properties>
			</EnumValue>
		</ChildObjects>
	</Enum>
</MetaDataObject>