﻿<?xml version="1.0" encoding="UTF-8"?>
<MetaDataObject xmlns="http://v8.1c.ru/8.3/MDClasses" xmlns:app="http://v8.1c.ru/8.2/managed-application/core" xmlns:cfg="http://v8.1c.ru/8.1/data/enterprise/current-config" xmlns:cmi="http://v8.1c.ru/8.2/managed-application/cmi" xmlns:ent="http://v8.1c.ru/8.1/data/enterprise" xmlns:lf="http://v8.1c.ru/8.2/managed-application/logform" xmlns:style="http://v8.1c.ru/8.1/data/ui/style" xmlns:sys="http://v8.1c.ru/8.1/data/ui/fonts/system" xmlns:v8="http://v8.1c.ru/8.1/data/core" xmlns:v8ui="http://v8.1c.ru/8.1/data/ui" xmlns:web="http://v8.1c.ru/8.1/data/ui/colors/web" xmlns:win="http://v8.1c.ru/8.1/data/ui/colors/windows" xmlns:xen="http://v8.1c.ru/8.3/xcf/enums" xmlns:xpr="http://v8.1c.ru/8.3/xcf/predef" xmlns:xr="http://v8.1c.ru/8.3/xcf/readable" xmlns:xs="http://www.w3.org/2001/XMLSchema" xmlns:xsi="http://www.w3.org/2001/XMLSchema-instance" version="2.18">
	<Enum uuid="6d4aeb4b-2411-43d8-a784-a3c244bd5391">
		<InternalInfo>
			<xr:GeneratedType name="EnumRef.СпособыДоставки" category="Ref">
				<xr:TypeId>47ca5ef3-b92e-42e3-83cb-850a34d57007</xr:TypeId>
				<xr:ValueId>efb20b88-68b5-4796-9ed4-c9ded7b9579d</xr:ValueId>
			</xr:GeneratedType>
			<xr:GeneratedType name="EnumManager.СпособыДоставки" category="Manager">
				<xr:TypeId>dff4ba20-455b-4479-a983-d2da72ca25d5</xr:TypeId>
				<xr:ValueId>9ae4efbf-ac80-44bf-a248-fd1a158c491d</xr:ValueId>
			</xr:GeneratedType>
			<xr:GeneratedType name="EnumList.СпособыДоставки" category="List">
				<xr:TypeId>d41694ad-6950-476f-b7fe-44aba0955f76</xr:TypeId>
				<xr:ValueId>8d6480ef-1749-472e-9089-6eb5c0209e89</xr:ValueId>
			</xr:GeneratedType>
		</InternalInfo>
		<Properties>
			<ObjectBelonging>Adopted</ObjectBelonging>
			<Name>СпособыДоставки</Name>
			<Comment/>
			<ExtendedConfigurationObject>e84f811f-b8c6-4c9c-9e98-f10ab90f1702</ExtendedConfigurationObject>
		</Properties>
		<ChildObjects>
			<EnumValue uuid="8376bda8-f1f6-40a2-a5b7-424d6a7352f1">
				<InternalInfo/>
				<Properties>
					<ObjectBelonging>Adopted</ObjectBelonging>
					<Name>СиламиПеревозчикаПоАдресу</Name>
					<Comment/>
					<ExtendedConfigurationObject>066e8fb0-3813-4481-b4bf-edfafab4aed9</ExtendedConfigurationObject>
				</Properties>
			</EnumValue>
			<EnumValue uuid="5a236477-f7a4-49cc-96a5-18e4234e0458">
				<InternalInfo/>
				<Properties>
					<ObjectBelonging>Adopted</ObjectBelonging>
					<Name>Самовывоз</Name>
					<Comment/>
					<ExtendedConfigurationObject>f442a653-b32b-4be9-9b5e-4a5abb206d85</ExtendedConfigurationObject>
				</Properties>
			</EnumValue>
			<EnumValue uuid="aa488303-3552-4daa-9649-4330e77de8e6">
				<InternalInfo/>
				<Properties>
					<ObjectBelonging>Adopted</ObjectBelonging>
					<Name>ДоКлиента</Name>
					<Comment/>
					<ExtendedConfigurationObject>3c09e30d-ef7d-4e10-9b7e-c3d470857e36</ExtendedConfigurationObject>
				</Properties>
			</EnumValue>
			<EnumValue uuid="376e883b-abdc-41fd-b191-4fec8e47da7e">
				<InternalInfo/>
				<Properties>
					<ObjectBelonging>Adopted</ObjectBelonging>
					<Name>СиламиПеревозчика</Name>
					<Comment/>
					<ExtendedConfigurationObject>b983ffd7-6fee-4341-823c-bc970e783c64</ExtendedConfigurationObject>
				</Properties>
			</EnumValue>
			<EnumValue uuid="adae3cde-1b3c-41b9-9a4a-e529a65e93cf">
				<InternalInfo/>
				<Properties>
					<ObjectBelonging>Adopted</ObjectBelonging>
					<Name>КПолучателюОпределяетСлужбаДоставки</Name>
					<Comment/>
					<ExtendedConfigurationObject>c07693f6-6c15-46b9-8ea5-6560cf995152</ExtendedConfigurationObject>
				</Properties>
			</EnumValue>
		</ChildObjects>
	</Enum>
</MetaDataObject>