﻿<?xml version="1.0" encoding="UTF-8"?>
<MetaDataObject xmlns="http://v8.1c.ru/8.3/MDClasses" xmlns:app="http://v8.1c.ru/8.2/managed-application/core" xmlns:cfg="http://v8.1c.ru/8.1/data/enterprise/current-config" xmlns:cmi="http://v8.1c.ru/8.2/managed-application/cmi" xmlns:ent="http://v8.1c.ru/8.1/data/enterprise" xmlns:lf="http://v8.1c.ru/8.2/managed-application/logform" xmlns:style="http://v8.1c.ru/8.1/data/ui/style" xmlns:sys="http://v8.1c.ru/8.1/data/ui/fonts/system" xmlns:v8="http://v8.1c.ru/8.1/data/core" xmlns:v8ui="http://v8.1c.ru/8.1/data/ui" xmlns:web="http://v8.1c.ru/8.1/data/ui/colors/web" xmlns:win="http://v8.1c.ru/8.1/data/ui/colors/windows" xmlns:xen="http://v8.1c.ru/8.3/xcf/enums" xmlns:xpr="http://v8.1c.ru/8.3/xcf/predef" xmlns:xr="http://v8.1c.ru/8.3/xcf/readable" xmlns:xs="http://www.w3.org/2001/XMLSchema" xmlns:xsi="http://www.w3.org/2001/XMLSchema-instance" version="2.18">
	<Enum uuid="9a5b84af-6b44-4f3e-8e08-8bd5110bf22e">
		<InternalInfo>
			<xr:GeneratedType name="EnumRef.СпособыФормированияСегментов" category="Ref">
				<xr:TypeId>723be151-c574-471d-a58c-d0a0144031aa</xr:TypeId>
				<xr:ValueId>005bf868-06ce-4d02-b9d8-802017c27703</xr:ValueId>
			</xr:GeneratedType>
			<xr:GeneratedType name="EnumManager.СпособыФормированияСегментов" category="Manager">
				<xr:TypeId>57220371-434a-4ed3-ac47-15c1a931f617</xr:TypeId>
				<xr:ValueId>4fe41cbd-446a-4472-8748-f6f0740445fe</xr:ValueId>
			</xr:GeneratedType>
			<xr:GeneratedType name="EnumList.СпособыФормированияСегментов" category="List">
				<xr:TypeId>275648e0-5d1d-4b0d-a7be-72114d3d068a</xr:TypeId>
				<xr:ValueId>9a7e2e06-1328-4eb2-9379-5289f8fc9c7a</xr:ValueId>
			</xr:GeneratedType>
		</InternalInfo>
		<Properties>
			<ObjectBelonging>Adopted</ObjectBelonging>
			<Name>СпособыФормированияСегментов</Name>
			<Comment/>
			<ExtendedConfigurationObject>8d80942d-60a7-4f33-9707-68aa5d077496</ExtendedConfigurationObject>
		</Properties>
		<ChildObjects>
			<EnumValue uuid="f21cb777-3788-4206-a312-4b9c48efaf8e">
				<InternalInfo/>
				<Properties>
					<ObjectBelonging>Adopted</ObjectBelonging>
					<Name>ФормироватьВручную</Name>
					<Comment/>
					<ExtendedConfigurationObject>e14b9750-5d04-4861-9a6b-3da72b48a5b5</ExtendedConfigurationObject>
				</Properties>
			</EnumValue>
		</ChildObjects>
	</Enum>
</MetaDataObject>