﻿<?xml version="1.0" encoding="UTF-8"?>
<MetaDataObject xmlns="http://v8.1c.ru/8.3/MDClasses" xmlns:app="http://v8.1c.ru/8.2/managed-application/core" xmlns:cfg="http://v8.1c.ru/8.1/data/enterprise/current-config" xmlns:cmi="http://v8.1c.ru/8.2/managed-application/cmi" xmlns:ent="http://v8.1c.ru/8.1/data/enterprise" xmlns:lf="http://v8.1c.ru/8.2/managed-application/logform" xmlns:style="http://v8.1c.ru/8.1/data/ui/style" xmlns:sys="http://v8.1c.ru/8.1/data/ui/fonts/system" xmlns:v8="http://v8.1c.ru/8.1/data/core" xmlns:v8ui="http://v8.1c.ru/8.1/data/ui" xmlns:web="http://v8.1c.ru/8.1/data/ui/colors/web" xmlns:win="http://v8.1c.ru/8.1/data/ui/colors/windows" xmlns:xen="http://v8.1c.ru/8.3/xcf/enums" xmlns:xpr="http://v8.1c.ru/8.3/xcf/predef" xmlns:xr="http://v8.1c.ru/8.3/xcf/readable" xmlns:xs="http://www.w3.org/2001/XMLSchema" xmlns:xsi="http://www.w3.org/2001/XMLSchema-instance" version="2.18">
	<Enum uuid="b063dc1f-ea16-4a4b-9741-8b997b00afb3">
		<InternalInfo>
			<xr:GeneratedType name="EnumRef.СтатусыДействияВидовЦен" category="Ref">
				<xr:TypeId>d577dca1-81cb-4399-9376-937f76eb5759</xr:TypeId>
				<xr:ValueId>724ca10c-2919-44c4-838c-3e2965cfce96</xr:ValueId>
			</xr:GeneratedType>
			<xr:GeneratedType name="EnumManager.СтатусыДействияВидовЦен" category="Manager">
				<xr:TypeId>84fcef4c-253c-4f3e-baed-b000a7cba87e</xr:TypeId>
				<xr:ValueId>1f7d21c4-8357-480f-8113-fc0417420765</xr:ValueId>
			</xr:GeneratedType>
			<xr:GeneratedType name="EnumList.СтатусыДействияВидовЦен" category="List">
				<xr:TypeId>9bf25a46-aaee-4cf8-a6d2-832999a548af</xr:TypeId>
				<xr:ValueId>eb87ea9e-5718-4292-aa9b-34f48aa05968</xr:ValueId>
			</xr:GeneratedType>
		</InternalInfo>
		<Properties>
			<ObjectBelonging>Adopted</ObjectBelonging>
			<Name>СтатусыДействияВидовЦен</Name>
			<Comment/>
			<ExtendedConfigurationObject>f059f96f-49ef-4ffe-9d56-771832f636a0</ExtendedConfigurationObject>
		</Properties>
		<ChildObjects>
			<EnumValue uuid="16866125-16af-471b-98a3-f3b10a32e54a">
				<InternalInfo/>
				<Properties>
					<ObjectBelonging>Adopted</ObjectBelonging>
					<Name>Действует</Name>
					<Comment/>
					<ExtendedConfigurationObject>8310e76c-109d-4afc-a081-1e46eec439c9</ExtendedConfigurationObject>
				</Properties>
			</EnumValue>
		</ChildObjects>
	</Enum>
</MetaDataObject>