﻿<?xml version="1.0" encoding="UTF-8"?>
<MetaDataObject xmlns="http://v8.1c.ru/8.3/MDClasses" xmlns:app="http://v8.1c.ru/8.2/managed-application/core" xmlns:cfg="http://v8.1c.ru/8.1/data/enterprise/current-config" xmlns:cmi="http://v8.1c.ru/8.2/managed-application/cmi" xmlns:ent="http://v8.1c.ru/8.1/data/enterprise" xmlns:lf="http://v8.1c.ru/8.2/managed-application/logform" xmlns:style="http://v8.1c.ru/8.1/data/ui/style" xmlns:sys="http://v8.1c.ru/8.1/data/ui/fonts/system" xmlns:v8="http://v8.1c.ru/8.1/data/core" xmlns:v8ui="http://v8.1c.ru/8.1/data/ui" xmlns:web="http://v8.1c.ru/8.1/data/ui/colors/web" xmlns:win="http://v8.1c.ru/8.1/data/ui/colors/windows" xmlns:xen="http://v8.1c.ru/8.3/xcf/enums" xmlns:xpr="http://v8.1c.ru/8.3/xcf/predef" xmlns:xr="http://v8.1c.ru/8.3/xcf/readable" xmlns:xs="http://www.w3.org/2001/XMLSchema" xmlns:xsi="http://www.w3.org/2001/XMLSchema-instance" version="2.18">
	<Enum uuid="93bb4313-09f3-4c78-81b9-78263f182946">
		<InternalInfo>
			<xr:GeneratedType name="EnumRef.СтатусыЗаказовКлиентов" category="Ref">
				<xr:TypeId>79eff4a9-b1a1-4fad-b70d-b32fd13fa09b</xr:TypeId>
				<xr:ValueId>0acfa49f-12f3-40f9-bbfd-9cc66a345592</xr:ValueId>
			</xr:GeneratedType>
			<xr:GeneratedType name="EnumManager.СтатусыЗаказовКлиентов" category="Manager">
				<xr:TypeId>f9796606-cfdf-4f5b-b94f-c593d91fc288</xr:TypeId>
				<xr:ValueId>82f1c435-c152-4772-aa80-80909fea5a66</xr:ValueId>
			</xr:GeneratedType>
			<xr:GeneratedType name="EnumList.СтатусыЗаказовКлиентов" category="List">
				<xr:TypeId>b0c2a638-9bcc-4c34-a332-b5fe734a1e0f</xr:TypeId>
				<xr:ValueId>e54ea620-b0ae-43b6-86b8-1aa19f6563e8</xr:ValueId>
			</xr:GeneratedType>
		</InternalInfo>
		<Properties>
			<ObjectBelonging>Adopted</ObjectBelonging>
			<Name>СтатусыЗаказовКлиентов</Name>
			<Comment/>
			<ExtendedConfigurationObject>615d6400-a0e4-494a-ab8f-fb30f2da2d58</ExtendedConfigurationObject>
		</Properties>
		<ChildObjects/>
	</Enum>
</MetaDataObject>