﻿<?xml version="1.0" encoding="UTF-8"?>
<MetaDataObject xmlns="http://v8.1c.ru/8.3/MDClasses" xmlns:app="http://v8.1c.ru/8.2/managed-application/core" xmlns:cfg="http://v8.1c.ru/8.1/data/enterprise/current-config" xmlns:cmi="http://v8.1c.ru/8.2/managed-application/cmi" xmlns:ent="http://v8.1c.ru/8.1/data/enterprise" xmlns:lf="http://v8.1c.ru/8.2/managed-application/logform" xmlns:style="http://v8.1c.ru/8.1/data/ui/style" xmlns:sys="http://v8.1c.ru/8.1/data/ui/fonts/system" xmlns:v8="http://v8.1c.ru/8.1/data/core" xmlns:v8ui="http://v8.1c.ru/8.1/data/ui" xmlns:web="http://v8.1c.ru/8.1/data/ui/colors/web" xmlns:win="http://v8.1c.ru/8.1/data/ui/colors/windows" xmlns:xen="http://v8.1c.ru/8.3/xcf/enums" xmlns:xpr="http://v8.1c.ru/8.3/xcf/predef" xmlns:xr="http://v8.1c.ru/8.3/xcf/readable" xmlns:xs="http://www.w3.org/2001/XMLSchema" xmlns:xsi="http://www.w3.org/2001/XMLSchema-instance" version="2.18">
	<Enum uuid="0e9b62d7-6cfc-4726-8a1e-bd58395328c4">
		<InternalInfo>
			<xr:GeneratedType name="EnumRef.ТипыНалогообложенияНДС" category="Ref">
				<xr:TypeId>e0a141a0-b07a-4f25-8a07-9a062dc14add</xr:TypeId>
				<xr:ValueId>fa6aaa9d-ae37-4128-a344-80526bf55d2b</xr:ValueId>
			</xr:GeneratedType>
			<xr:GeneratedType name="EnumManager.ТипыНалогообложенияНДС" category="Manager">
				<xr:TypeId>b52e5392-2112-42b2-88da-cbd760493f54</xr:TypeId>
				<xr:ValueId>7558fa5b-c1cb-4d67-bcfc-de2663daf1e3</xr:ValueId>
			</xr:GeneratedType>
			<xr:GeneratedType name="EnumList.ТипыНалогообложенияНДС" category="List">
				<xr:TypeId>6f2ba3fc-2726-4810-839a-91d69bda79dc</xr:TypeId>
				<xr:ValueId>82ece338-b9d9-4a6d-99cc-d17564896455</xr:ValueId>
			</xr:GeneratedType>
		</InternalInfo>
		<Properties>
			<ObjectBelonging>Adopted</ObjectBelonging>
			<Name>ТипыНалогообложенияНДС</Name>
			<Comment/>
			<ExtendedConfigurationObject>492f859c-898a-4672-ab31-9d0ca13acabc</ExtendedConfigurationObject>
		</Properties>
		<ChildObjects>
			<EnumValue uuid="6578bd4c-9f6a-430d-9b87-86d073dde8f3">
				<InternalInfo/>
				<Properties>
					<ObjectBelonging>Adopted</ObjectBelonging>
					<Name>ПродажаНеОблагаетсяНДС</Name>
					<Comment/>
					<ExtendedConfigurationObject>5df46640-a48c-42a3-84ec-3c9f97ce2844</ExtendedConfigurationObject>
				</Properties>
			</EnumValue>
			<EnumValue uuid="1fd55a9a-adad-455c-a322-53684accfb3e">
				<InternalInfo/>
				<Properties>
					<ObjectBelonging>Adopted</ObjectBelonging>
					<Name>ПродажаОблагаетсяНДС</Name>
					<Comment/>
					<ExtendedConfigurationObject>507f3953-94e1-46ef-8c8d-0688fd890a1d</ExtendedConfigurationObject>
				</Properties>
			</EnumValue>
			<EnumValue uuid="b1054734-43c2-4959-8626-f402ebc2f913">
				<InternalInfo/>
				<Properties>
					<ObjectBelonging>Adopted</ObjectBelonging>
					<Name>ПродажаНаЭкспорт</Name>
					<Comment/>
					<ExtendedConfigurationObject>9f70eac4-2b8c-4400-9fb7-f3d4230ad33e</ExtendedConfigurationObject>
				</Properties>
			</EnumValue>
			<EnumValue uuid="cd4ec70d-9d26-4f2d-bd18-a5f1910020d3">
				<InternalInfo/>
				<Properties>
					<ObjectBelonging>Adopted</ObjectBelonging>
					<Name>ПродажаОблагаетсяЕНВД</Name>
					<Comment/>
					<ExtendedConfigurationObject>1270ac55-6965-4dae-b63b-1266cf1cca2a</ExtendedConfigurationObject>
				</Properties>
			</EnumValue>
		</ChildObjects>
	</Enum>
</MetaDataObject>