﻿<?xml version="1.0" encoding="UTF-8"?>
<MetaDataObject xmlns="http://v8.1c.ru/8.3/MDClasses" xmlns:app="http://v8.1c.ru/8.2/managed-application/core" xmlns:cfg="http://v8.1c.ru/8.1/data/enterprise/current-config" xmlns:cmi="http://v8.1c.ru/8.2/managed-application/cmi" xmlns:ent="http://v8.1c.ru/8.1/data/enterprise" xmlns:lf="http://v8.1c.ru/8.2/managed-application/logform" xmlns:style="http://v8.1c.ru/8.1/data/ui/style" xmlns:sys="http://v8.1c.ru/8.1/data/ui/fonts/system" xmlns:v8="http://v8.1c.ru/8.1/data/core" xmlns:v8ui="http://v8.1c.ru/8.1/data/ui" xmlns:web="http://v8.1c.ru/8.1/data/ui/colors/web" xmlns:win="http://v8.1c.ru/8.1/data/ui/colors/windows" xmlns:xen="http://v8.1c.ru/8.3/xcf/enums" xmlns:xpr="http://v8.1c.ru/8.3/xcf/predef" xmlns:xr="http://v8.1c.ru/8.3/xcf/readable" xmlns:xs="http://www.w3.org/2001/XMLSchema" xmlns:xsi="http://www.w3.org/2001/XMLSchema-instance" version="2.18">
	<HTTPService uuid="79824eb6-b4e0-4e7b-9ec7-00dee75cfa9e">
		<Properties>
			<Name>ТелеграмИнтеграция</Name>
			<Synonym>
				<v8:item>
					<v8:lang>ru</v8:lang>
					<v8:content>Телеграм интеграция</v8:content>
				</v8:item>
			</Synonym>
			<Comment/>
			<RootURL>api</RootURL>
			<ReuseSessions>AutoUse</ReuseSessions>
			<SessionMaxAge>20</SessionMaxAge>
		</Properties>
		<ChildObjects>
			<URLTemplate uuid="1b8428b4-bcc4-425a-95f6-58d79eea8ad1">
				<Properties>
					<Name>СписокВсехЗаказов</Name>
					<Synonym>
						<v8:item>
							<v8:lang>ru</v8:lang>
							<v8:content>Список всех заказов</v8:content>
						</v8:item>
					</Synonym>
					<Comment/>
					<Template>/telegram_client/{ТелеграмID}/orders</Template>
				</Properties>
				<ChildObjects>
					<Method uuid="ca4abaf2-30d2-4f7a-be64-64ee37cf4fa6">
						<Properties>
							<Name>ТелеграмКЛ</Name>
							<Synonym>
								<v8:item>
									<v8:lang>ru</v8:lang>
									<v8:content>Телеграм КЛ</v8:content>
								</v8:item>
							</Synonym>
							<Comment/>
							<HTTPMethod>GET</HTTPMethod>
							<Handler>ЗаказыТелеграмКЛ</Handler>
						</Properties>
					</Method>
				</ChildObjects>
			</URLTemplate>
			<URLTemplate uuid="06ab5e13-a391-4791-bb2b-07d2f9c885aa">
				<Properties>
					<Name>ЗаписьЗаказа</Name>
					<Synonym>
						<v8:item>
							<v8:lang>ru</v8:lang>
							<v8:content>Запись заказа</v8:content>
						</v8:item>
					</Synonym>
					<Comment/>
					<Template>/telegram_client/{ТелеграмID}/orders/{НомерЗаказа}</Template>
				</Properties>
				<ChildObjects>
					<Method uuid="6c95ce7a-f31d-4af2-890a-ef09ceff4c97">
						<Properties>
							<Name>GET</Name>
							<Synonym>
								<v8:item>
									<v8:lang>ru</v8:lang>
									<v8:content>GET</v8:content>
								</v8:item>
							</Synonym>
							<Comment/>
							<HTTPMethod>GET</HTTPMethod>
							<Handler>ЗаписьЗаказаGET</Handler>
						</Properties>
					</Method>
				</ChildObjects>
			</URLTemplate>
		</ChildObjects>
	</HTTPService>
</MetaDataObject>